,post_title,post_company,post_loc,post_id,post_link,skills,words
0,Laboratory Dishwasher/Lab Assistant - copy,Merieux NutriSciences,"Madison, WI",2d4fa4cb0e02a075,http://www.indeed.com/rc/clk?jk=2d4fa4cb0e02a075,[],[]
1,Lab Assistant - Nights,Grande Cheese Company,"Juda, WI 53550",be75ec9f5cfa1acc,http://www.indeed.com/rc/clk?jk=be75ec9f5cfa1acc,[],"['navigation', 'compensationamount.value', 'using', 'links', 'toggle', 'compensationamount', 'unsupported', 'traveldescription', '.length', 'internet', 'tweet', 'ko', 'browser', 'parent.opportunity.ispublished', 'ispublished', 'please', 'foreach', 'download', 'explorer', 'null', 'data', 'supervisorname', 'site', 'locations', 'parent.ismatchforcandidate', 'posteddate', 'supported', 'parent.shouldshowfeaturedlabel', 'firefox', 'parent.currentuserrequiresreconsent', 'travelrequired', 'ifnot', 'chrome', 'use']"
2,SENIOR LABORATORY ASSISTANT (1ST SHIFT) - CONTRACT POSITION,PPD,"Middleton, WI",df2e53b26940de45,http://www.indeed.com/rc/clk?jk=df2e53b26940de45,[],"['loading..', 'tag', 'manager', 'google', 'end']"
3,Medical Lab Assistant- Phlebotomist,Group Health Cooperative of South Central Wisconsi...,"Fitchburg, WI 53711",fa75e758771ba11e,http://www.indeed.com/rc/clk?jk=fa75e758771ba11e,['culture'],"['company', 'navigation', 'transparency', 'include', 'ancillary', 'serve', 'noscript', 'believe', 'default', 'en', 'apply', 'get', 'profit', 'leader', 'end', 'provider', 'laboratory', 'factors', 'condition', 'wellness', 'try', 'fraud', 'service', 'measurement', 'preventive', 'log', 'job', 'insurance', 'hammons', 'tag', 'work', 'healthy', 'federal', 'complex', 'full', 'exist', 'contact', 'action', 'complementary', 'box', 'rk', 'human', 'county', 'exceptional', 'delivery', 'enabled', 'ensure', 'mychart', 'well', 'vaccination', 'issue', 'learn', 'employment', 'recognized', 'initiative', 'copyright', 'benefits', 'copies', 'pay', 'name', 'ol', 'primary', 'administration', 'strong', 'spirit', 'forms', 'patients', 'q', 'personnel', 'respond', 'publications', 'today', 'phone', 'words', 'wrap', 'dane', 'two', 'health', 'cutter', 'systems', 'like', 'position', 'cookie', 'placeholders', 'help', 'javascript', 'medical', 'superb', 'licensed', 'dr', 'prescriptions', 'sign', 'model', 'influenza', 'please', 'scw', 'documented', 'content', 'workspace', 'investments', 'thank', 'group', 'living', 'many', 'tty', 'can', 'contractors', 'eye', 'espa', 'movement', 'career', 'understanding', 'window', 'specialty', 'within', 'epic', 'offer', 'diem', 'pending', 'searchicon', 'receive', 's', 'specialists', 'state', 'quote', 'us', 'reimbursement', 'admin', 'benefit', 'assistance', 'interns', 'hearing', 'epiclink', 'following', 'kind', 'program', 'grow', 'exception', 'fancy', 'accommodation', 'unique', 'days', 'information', 'submenu', 'records', 'need', 'width', 'quick', 'bill', 'eager', 'careers', 'eeo', 'navbar', 'used', 'school', 'accepted', 'dermatology', 'fees', 'law', 'clinical', 'services', 'offices', 'custom', 'members', 'culture', 'make', 'adjust', 'boostrap', 'opportunity', 'commitment', 'radiology', 'report', 'blog', 'manager', 'therapy', 'language', 'applies', 't', 'value', 'temporary', 'ondemand', 'number', 'hospital', 'bodycontainer', 'browser', 'transition', 'wisconsin', 'running', 'central', 'clinic', 'impaired', 'supplement', 'behavioral', 'talents', 'ghc', 'text', 'mission', 'appointment', 'seeking', 'department', 'policy', 'including', 'ghcmychart', 'required', 'resources', 'podiatry', 'privacy', 'efforts', 'site', 'reserved', 'searching..', 'large', 'placeholder', 'case', 'live', 'employer', 'chiropractic', 'request', 'map', 'contraindication', 'reasonable', 'pioneered', 'turn', 'impeccable', 'transfer', 'john', 'cooperative', 'classes', 'districts', 'affirmative', 'prevent', 'madison', 'hmo', 'hidden', 'non', 'interest', 'sports', 'annual', 'directories', 'nationally', 'rights', 'href', 'education', 'government', 'display', 'equal', 'js', 'formulary', 'management', 'medicare', 'google', 'one', 'medicine', 'member', 'system', 'class', 'skills', '3', 'occupational', 'looks', 'see', 'viewing', 'will', 'badgercare', 'students', 'lgbtq', 'south', 'business', 're', 'scripts', 'patents', 'corporation', 'owned', 'process', 'pharmacy', 'select', 'partners', 'page', 'first', 'partner', 'wi', 'disease', 'setting', 'isn', 'made', 'application', 'employee', 'ajax', 'community', 'influencing', 'per', 'site.js', 'employees', 'loader', 'physical', 'plan', 'btn', 'email', 'exemption', 'care', 'selection']"
4,Order Fulfillment / Packaging / Office and Lab Assistant,Sparkling White Smiles Inc.,"Glendale, WI",2b3024d2668d2f90,http://www.indeed.com/rc/clk?jk=2b3024d2668d2f90,['culture'],"['packaging', 'shift', 'company', 'date', 'hrs', 'encouraged', 'smiles', 'basic', 'apply', 'get', 'stable', 'silver', 'history', 'candidates', 'necessary', 'job', 'companies', 'service', 'info', 'work', 'sparklingwhitesmiles.com', 'past', 'small', 'full', 'focused', 'contact', 'description', 'monday', 'oriented', 'county', 'hiring', 'quality', 'day', 'personal', 'green', 'pay', 'jobs', 'shipping', 'processes', 'strong', 'interested', 'procedures', 'environment', 'change', 'etc', 'team', 'payments', 'require', 'flexible', 'thousands', 'salary', 'united', 'schedule', 'fill', 'position', 'lab', 'collaborative', 'april', 'disinfecting', 'help', 'self', 'submit', 'sign', 'high', 'please', 'content', 'experience', 'hours', 'precaution', 'post', 'white', 'cookies', 'precision', 'career', 'schooling', 'potential', 'reliable', 'duties', 'events', 's', 'updates', 'salaries', 'indeed', 'rd', 'seekers', 'country', 'asap', 'processing', 'days', 'remotely', 'information', 'supportive', 'qualifications', 'ago', 'save', 'quick', 'reviews', 'dental', 'week', 'school', 'hour', 'details', 'hires', 'culture', 'certifications', 'start', 'milwaukee', 'report', 'let', 'search', 'available', 'center', 'website', 'number', 'looking', 'cleaning', 'resume', 'home', 'find', 'follow', 'people', 'create', 'typing', 'reviewing', 'accurate', 'current', 'financial', 'teethnightguard.com', 'states', 'employers', 'casual', 'describes', 'responsible', 'traditional', 'upload', 'times', 'including', 'privacy', 'terms', 'computer', 'saturdays', 'motivated', 'employer', 'office', 'glendale', 'request', 'location', 'time', 'cooperative', 'type', 'place', 'interest', 'flexibility', 'order', 'attention', 'fulfillment', 'education', 'supply', 'approach', 'friday', 'thanks', 'skip', 'advanced', 'spring', 'role', 'fairness', 'skills', '3', 'preferred', 'countries', 'accessibility', 'will', 'equivalent', 'ages', 'browse', 'main', 'business', 'directly', 'now', 'covid', 'must', 'older', 'process', 'wi', 'setting', 'methods', 'application', 'advice', 'friendly', 'bay', 'per', 'important', 'sparkling', 'detail', 'sanitizing', 'screening', 'assistant', 'sell', 'inc', 'part', 'alternative']"
5,Lab Assistant,Aerotek,,8b4aecf0ca6d6ee0,http://www.indeed.com/rc/clk?jk=8b4aecf0ca6d6ee0,[],"['contractor', 'cart', 'company', 'en', 'div', 'default', 'notice', 'conduct', 'apply', 'login', 'mandatory', 'end', 'consider', 'opportunities', 'object.bind', 'job', 'filled', 'viewed', 'assist', 'contact', 'e', 'alerts', 'fr', 'expired', 'instance', 'mobile', 'jobs', 'section', 'recom', 'notices', 'canada', 'menu', 'united', 'related', 'b', 'allegis', 'settings', 'like', 'carter', 'cookie', 'sign', 'aston', 'group', 'easi', 'header', 'v', 'career', 'profile', 'ph', 'events', 'jobdetail', 'id', 'receive', 'us', 'state', 'sitemap', 'element', 'also', 'widget', 'd', 'understand', 'start', 'let', 'search', 'language', 'emails', 'website', 'code', 'find', 'subscribe', 'people', 'opt', 'solutions', 'current', 'states', 'personalized', 'sites', 'resources', 'reserved', 'privacy', 'logo', 'terms', 'workforce', 'categories', 'map', 'location', 'time', 'maybe', 'baccd', 'aerotek', 'conditions', 'sorry', 'rights', 'oftgcz', 'endif', 'share', 'insights', 'class', 'count', 'data', 'marketing', 'main', 're', 'locations', 'trying', 'recommendations', 'page', 'social', 'title', 'similar', 'may', 'news', 'email', 'selection']"
6,GMP GLASSWARE LAB ASSISTANT - 6 MONTH CONTRACT,PPD,"Middleton, WI",418368a21892fb43,http://www.indeed.com/rc/clk?jk=418368a21892fb43,[],"['loading..', 'tag', 'manager', 'google', 'end']"
7,Lab Assistant - First Shift,NOAH Clinical Laboratory,,232a152473bf60ab,http://www.indeed.com/rc/clk?jk=232a152473bf60ab,['equipment'],"['waiting', 'company', 'shift', 'include', 'limited', 'get', 'apply', 'laboratory', 'needed', 'equipment', 'candidates', 'necessary', 'job', 'insurance', 'companies', 'service', 'filing', 'info', 'work', 'retirement', 'full', 'protective', 'description', 'demographic', 'hiring', 'answering', 'day', 'personal', 'eligible', 'benefits', 'pay', 'accessioning', 'jobs', 'procedures', 'change', 'patients', 'require', 'thousands', 'united', 'schedule', 'manner', 'types', 'health', 'systems', 'authorizations', 'lab', 'assists', 'disinfecting', 'help', 'assigned', 'maintains', 'medical', 'handling', 'sign', 'high', 'experience', 'content', 'phones', 'identifying', 'post', 'precaution', 'cookies', 'career', 'duties', 'events', 's', 'functions', 'updates', 'salaries', 'indeed', 'noahclinicallaboratory.com', 'benefit', 'enter', 'following', 'paid', 'country', 'processing', 'performs', 'days', 'remotely', 'information', 'qualifications', 'ago', 'save', 'reviews', 'collect', 'school', 'hour', 'allis', 'clinical', 'physician', 'specimens', 'certifications', 'report', 'let', 'safe', 'search', 'responsibilities', 'center', 'website', 'cleaning', 'resume', 'home', 'find', 'technical', 'follow', 'create', 'noah', 'states', 'employers', 'organized', 'responsible', 'specimen', 'upload', 'required', 'vision', 'privacy', 'area', 'terms', 'ordering', 'computer', 'provided', 'employer', 'office', 'request', 'time', 'entry', 'west', 'year', 'place', 'conditions', 'summary', 'transporting', 'k', 'education', 'test', 'registration', 'approach', 'prior', 'skip', 'advanced', 'customer', 'collection', 'additional', 'skills', '3', 'preferred', 'initiate', 'terminology', 'countries', 'accessibility', 'data', 'equivalent', 'browse', 'period', 'main', 'directly', 'now', 'covid', 'must', 'process', 'part', 'first', 'wi', 'methods', 'application', 'advice', 'per', 'employees', 'may', 'sanitizing', 'receiving', 'screening', 'plan', 'assistant', 'clerical', 'sell', 'matching', 'dental', 'alternative']"
8,Medical Lab Assistant,Fort HealthCare,"Fort Atkinson, WI 53538",8057d51e9eb0096e,http://www.indeed.com/rc/clk?jk=8057d51e9eb0096e,[],"['lt', 'noscript', 'manager', 'endif', 'respond.min.js', 'google', 'end', '3', 'ie', 'tag', 'script', 'src', 'shiv', 'ajax', 'shiv.min.js', 'cdnjs.cloudflare.com', 'html', 'respond.js', 'libs']"
9,[Active] Lab Assistant,Apostle,"San Jose, CA 95129 (West San Jose area)",840493c3f542b10d,http://www.indeed.com/rc/clk?jk=840493c3f542b10d,"['pcr', 'equipment']","['contractor', 'company', 'navigation', 'rewarded', 'include', 'procedural', 'apply', 'ca', 'provider', 'testing', 'contact', 'ensure', 'molecular', 'located', 'rt', 'processes', 'primary', 'plates', 'tube', 'maintenance', 'magtouch', 'prep', 'liquid', 'online', 'experience', 'adversely', 'infection', 'various', 's', 'jose', 'procedure', 'grows', 'performed', 'proper', 'minienrich', 'control', 'understands', 'new', 'chemistry', 'looking', 'technical', 'compensation', 'advisory', 'http', 'metrics', 'return', 'diagnostic', 'troubleshooting', 'succeed', 'support', 'safety', 'location', 'time', 'cfdna', 'type', 'taken', 'watch', 'challenge', 'exciting', 'passion', 'valley', 'calibrations', 'documents', 'person', 'candidate', 'carboxyl', 'actions', 'covid', 'startups', 'thriving', 'affect', 'process', 'partner', 'contribute', 'pre', 'nucleic', 'manufacturing', 'library', 'inc', 'biospace', 'qpcr', 'colleagues', 'abnormal', 'innovative', 'necessary', 'full', 'biological', 'identifies', 'collapse', 'issues', 'sequencing', 'patients', 'analyzed', 'types', 'freedom', 'systems', 'appropriate', 'handling', 'field', 'high', 'startx', '.navbar', 'product', 'achieve', 'biology', 'releasing', 'potential', 'featured', 'duties', 'operating', 'us', 'following', 'qa', 'science', 'processing', 'hazardous', 'board', 'america', 'qualifications', 'willing', 'takes', 'opportunity', 'scientific', 'website', 'adheres', 'validate', 'specimen', 'states', 'required', 'triton', 'isolation', 'precautions', 'framework', 'degree', 'parameters', 'entrepreneurial', 'certification', 'level', 'experiments', '3', 'potentially', 'rna', 'tests', 'acid', 'first', 'life', 'employee', 'ipo', 'goals', 'selection', 'confirms', 'based', 'beads', 'cfrna', 'job', 'way', 'description', 'development', 'successful', 'e', 'done', 'verifies', 'send', 'benefits', 'disciplinary', 'validates', 'menu', 'united', 'experimental', 'edge', 'related', 'come', 'health', 'lab', 'bioinformatics', 'apostlebio.com', 'genetics', 'minimax', 'infectious', 'career', 'university', 'become', 'silicon', 'beckman', 'embrace', 'products', 'top', 'plans', 'biopsy', 'deviate', 'document', 'paid', 'expected', 'need', 'multi', 'hour', 'viral', 'services', 'apostle', 'responsibilities', 'techonology', 'recognition', 'enjoy', 'early', 'enthusiastic', 'size', 'feel', 'energy', 'wave', 'iso', 'automation', 'assay', 'test', 'appreciates', 'passionate', 'dna', 'happen', 'bsl', 'communicate', 'bachelor', 'will', 'san', 'values', 'extraction', 'tm', 'accessories', 'automated', 'tel', 'results', 'california', 'others', 'assessment', 'great', 'implement', 'clean', 'sciences', 'part', 'instrument', 'supervision', 'project', 'tasman', 'corrective', 'general', 'laboratory', 'equipment', 'material', 'work', 'preventative', 'assist', 'complex', 'policies', 'coulter', 'quality', 'public', 'well', 'fast', 'hr', 'acids', 'ngs', 'heart', 'procedures', 'convert', 'environment', 'team', 'publications', 'north', 'perform', 'position', 'startup', 'sop', 'dr', 'technologies', 'correlation', 'cv', 'established', 'stanford', 'purification', 'performs', 'addresses', 'optimize', 'clinical', 'make', 'selected', 'www.apostlebio.com', 'instruments', 'success', 'correctly', 'qc', 'universal', 'activities', 'resources', 'chemicals', 'good', 'reserved', 'join', 'performance', 'ste', 'order', 'rights', 'toggle', 'given', 'pcr', 'prior', 'standard', 'relating', 'member', 'system', 'collection', 'agents', 'preferred', 'data', 'specifications', 'cutting', 'accuracy', 'research', 'blood', 'improve', 'technology', 'hard', 'working', 'per', 'title', 'important', 'news', 'may', 'reporting', 'assurance', 'assistant', 'kit']"
10,Lab Assistant,LAbQ Diagnostics LLC,"Brooklyn, NY 11220 (Sunset Park area)",3439b4add029aced,http://www.indeed.com/rc/clk?jk=3439b4add029aced,[],"['bodily', 'shift', 'company', 'apply', 'get', 'common', 'laboratory', 'testing', 'organize', 'job', 'candidates', 'companies', 'info', 'work', 'treatment', 'full', 'monday', 'hiring', 'day', 'monitor', 'personal', 'benefits', 'pay', 'aid', 'jobs', 'technologist', 'strong', 'diagnosis', 'environment', 'change', 'patients', 'team', 'require', 'thousands', 'flexible', 'united', 'schedule', 'labq', 'related', 'lab', 'help', 'medical', 'sign', 'inventory', 'high', 'content', 'experience', 'post', 'cookies', 'career', 'events', 's', 'updates', 'tissue', 'salaries', 'indeed', 'country', 'days', 'remotely', 'information', 'qualifications', 'ago', 'save', 'reviews', 'collect', 'school', 'hour', 'supplies', 'certifications', 'report', 'let', 'search', 'responsibilities', 'center', 'easy', 'ny', 'resume', 'home', 'find', 'follow', 'create', 'seeking', 'states', 'employers', 'responsible', 'weekends', 'properly', 'upload', 'privacy', 'join', 'terms', 'performing', 'employer', 'request', 'organizational', 'time', 'year', 'type', 'previous', 'education', 'approach', 'friday', 'skip', 'maintain', 'advanced', 'familiarity', 'record', 'prevention', 'reference', 'brooklyn', 'night', 'skills', 'prepare', 'analysis', 'samples', '3', 'preferred', 'terminology', 'countries', 'accessibility', 'routine', 'will', 'equivalent', 'browse', 'tests', 'main', 'directly', 'now', 'must', 'blood', 'process', 'results', 'fluid', 'setting', '+', 'methods', 'diagnostics', 'application', 'advice', 'per', 'diseases', 'clean', 'screening', 'assistant', 'sell', 'fields', 'alternative', 'supervision', 'llc']"
11,Quality Lab Assistant,Trivalence Technologies LLC,"Evansville, IN 47712",87560cbbb84e5e28,http://www.indeed.com/rc/clk?jk=87560cbbb84e5e28,[],"['waiting', 'company', 'shift', 'evansville', 'apply', 'get', 'properties', 'tuition', 'laboratory', 'history', 'testing', 'candidates', 'job', 'insurance', 'companies', 'info', 'work', 'full', 'description', 'hiring', 'flammability', 'quality', 'successful', 'personal', 'ensure', 'eligible', 'materials', 'benefits', 'pay', 'expectations', 'dependability', 'jobs', 'trivalence.biz', 'change', 'require', 'thousands', 'salary', 'united', 'graduate', 'schedule', '33', 'https', 'color', 'health', 'position', 'lab', 'help', 'facebook', 'yes', 'sign', 'high', 'content', 'post', 'product', 'technologies', 'cookies', 'career', 'ash', 'events', 'within', 'various', 's', 'updates', 'reimbursement', 'salaries', 'indeed', 'benefit', 'paid', 'country', 'days', 'remotely', 'information', 'ago', 'save', 'quick', 'reviews', 'disability', 'school', 'hour', 'details', 'demonstrated', 'hires', 'certifications', 'melt', 'report', 'let', 'search', 'center', 'impact', 'website', 'number', 'resume', 'home', 'find', 'fits', 'follow', 'create', 'flex', 'http', 'states', 'employers', 'responsible', 'including', 'upload', 'required', 'vision', 'density', 'privacy', 'terms', 'employer', 'request', 'time', 'entry', 'type', 'conditions', 'learner', 'k', 'approach', 'skip', 'advanced', 'level', 'customer', 'role', 'trivalence', 'candidate', 'analysis', '3', 'plastic', 'countries', 'accessibility', 'will', 'equivalent', 'moisture', 'specifications', 'browse', 'period', 'main', 'directly', 'now', 'must', 'process', 'page', 'life', 'methods', '+', 'application', 'advice', 'hard', 'working', 'per', 'employees', 'may', 'reporting', 'screening', 'www.facebook.com', 'assistant', 'sell', 'flow', 'matching', 'dental', 'alternative', 'remote', 'llc']"
12,Lab Assistant Monday-Friday 6:30am-3:00pm (Rotating Weekends...,AdventHealth Heart of Florida,"Davenport, FL 33837",b8eca067de53cc96,http://www.indeed.com/rc/clk?jk=b8eca067de53cc96,"['culture', 'equipment']","['consult', 'shift', 'include', 'conveniently', 'get', 'completed', 'reasons', 'needed', 'beautiful', 'testing', 'comprehensive', 'wellness', 'service', 'escalate', 'monday', 'located', 'fl', 'ffffff', 'administration', 'helping', 'started', 'tube', 'height', 'lunches', 'orlando', 'maintenance', 'regulations', 'workspaces', 'best', 'parts', 'help', 'medical', 'mob', 'inventory', 'read', 'experience', 'phones', 'pm', 'can', 'spaces', 'various', 's', 'faith', 'state', 'address', 'requirements', 'px', 'beyond', 'i.e', 'correct', 'also', 'reports', 'margin', 'philosophy', 'lies', 'specimens', 'participates', 'huddles', 'receptionist', 'available', 'interactions', 'florida', 'cleaning', 'away', 'h', 'technical', 'actively', 'supervisor', 'created', 'knowledge', 'uncommon', 'sites', 'privacy', 'ordering', 'support', 'monitoring', 'location', 'destination', 'time', 'year', 'round', 'non', 'summary', 'neat', 'transporting', 'education', 'children', '...', 'documentation', 'responsibility', 'accepts', 'friday', 'skip', 'tampa', 'person', 'treating', 'shooting', 'inspires', 'samples', 'border', 'style', 'entering', 'business', 'normal', 'neighborhoods', 'pre', 'friendly', 'provide', 'associate', 'care', 'font', 'stores', 'polk', 'div', 'customarily', 'davenport', 'lives', 'pathology', 'facility', 'requiring', 'federal', 'surgical', 'confidential', 'answering', 'component', 'toward', 'anti', 'goes', 'spirit', 'patients', 'rotating', '33', 'color', 'cases', 'excellence', 'relationships', 'like', 'maintaining', 'maintains', 'proximity', 'field', 'high', 'referral', 'hours', 'achieve', 'duties', 'us', 'adventhealth', 'via', 'following', 'program', 'processing', 'information', 'qualifications', 'capillary', 'world', 'ongoing', 'distribute', 'media', 'opportunity', 'bold', 'trouble', 'find', 'dashed', 'amusement', 'people', 'create', 'tasks', 'central', 'course', 'current', 'specimen', 'discrepancies', 'required', 'assign', 'missing', 'employer', 'beaches', 'degree', 'registration', 'disney', 'inseparable', 'optimal', 'certification', 'level', 'customer', 'uncompromising', 'class', 'bottom', '3', 'families', 'communication', 'follows', 'inoculation', 'parks', 'hwy', 'outstanding', 'first', 'employee', 'continually', 'close', 'receiving', 'illness', 'clerical', 'begin', 'temperature', 'accounts', 'sample', 'appropriately', 'based', 'prayer', 'believe', 'body', 'job', 'supplied', 'storage', 'description', 'food', 'credentials', 'keeps', 'adv', 'hop', 'benefits', 'happy', 'related', 'health', 'collects', 'lab', 'weight', 'assigned', 'historical', 'identification', 'model', 'preparation', 'mind', 'become', 'top', 'named', 'courses', 'golf', 'facilitate', 'laws', 'line', 'need', 'walt', 'supplies', 'physician', 'services', 'members', 'telephone', 'manager', 'areas', 'phlebotomy', 'resume', 'enjoy', 'pathologists', 'director', 'puncture', 'responsible', 'policy', 'properly', 'size', 'wide', 'area', 'involves', 'local', 'accession', 'equally', 'venipuncture', 'disposal', 'test', 'instruct', 'higher', 'anatomical', 'reference', 'facilities', 'will', 'patient', 'faxing', 'major', 'great', 'supervision', 'jump', 'laboratory', 'equipment', 'insurance', 'work', 'healthy', 'analytical', 'coursework', 'county', 'quality', 'personal', 'well', 'operation', 'name', 'shipping', 'heart', 'pneumatic', 'procedures', 'licensure', 'environment', 'team', 'phone', 'ordinances', 'discrimination', 'perform', 'disinfecting', 'compassion', 'post', 'respectful', 'submitted', 'functions', 'last', 'slides', 'possible', 'n', 'performs', 'just', 'clinical', 'christian', 'culture', 'national', 'selected', 'let', 'anatomy', 'billing', 'god', 'activities', 'efefef', 'professional', 'weekends', 'organized', 'department', 'resources', 'complies', 'paperwork', 'schools', 'image', 'll', 'extended', 'order', 'shoot', 'includes', 'equal', 'practical', 'age', 'issuance', 'system', 'collection', 'laboratories', 'preferred', 'outdoor', 'verifying', 'submission', 're', 'focus', 'blood', 'application', 'title', 'important', 'may', 'assistant', 'email', 'connection', 'groups']"
13,Lab Assistant 2nd Shift,Aerotek,,0cde0cda7ff46b54,http://www.indeed.com/rc/clk?jk=0cde0cda7ff46b54,[],"['contractor', 'cart', 'company', 'en', 'div', 'default', 'notice', 'conduct', 'apply', 'login', 'mandatory', 'end', 'consider', 'opportunities', 'object.bind', 'dc', 'job', 'filled', 'viewed', 'assist', 'contact', 'alerts', 'af', 'fr', 'expired', 'instance', 'mobile', 'jobs', 'section', 'recom', 'notices', 'canada', 'menu', 'united', 'related', 'allegis', 'settings', 'cac', 'like', 'carter', 'cookie', 'bb', 'sign', 'aston', 'group', 'easi', 'header', 'v', 'career', 'profile', 'ph', 'events', 'jobdetail', 'id', 'receive', 'us', 'state', 'sitemap', 'element', 'also', 'widget', 'd', 'understand', 'start', 'let', 'search', 'language', 'emails', 'website', 'code', 'find', 'subscribe', 'people', 'opt', 'solutions', 'current', 'states', 'personalized', 'sites', 'resources', 'reserved', 'privacy', 'logo', 'terms', 'c', 'workforce', 'categories', 'map', 'location', 'time', 'maybe', 'aerotek', 'conditions', 'sorry', 'rights', 'oftgcz', 'f', 'endif', 'share', 'insights', 'class', 'count', 'data', 'marketing', 'main', 're', 'locations', 'trying', 'recommendations', 'page', 'social', 'title', 'similar', 'may', 'news', 'email', 'selection']"
14,Lab Assistant,"WithHealth, Inc.",United States,a720f5d8782b971f,http://www.indeed.com/rc/clk?jk=a720f5d8782b971f,['troubleshoot'],"['company', 'proprietary', 'telemedicine', 'include', 'based', 'minority', 'troubleshoot', 'walk', 'apply', 'limited', 'end', 'regularly', 'general', 'license', 'provider', 'laboratory', 'innovative', 'confidentiality', 'testing', 'necessary', 'job', 'preventive', 'candidates', 'providing', 'assist', 'everyday', 'action', 'description', 'affordable', 'oriented', 'abilities', 'acculatm', 'across', 'memorable', 'overview', 'protected', 'workload', 'employment', 'operation', 'supported', 'valid', 'female', 'arms', 'jobs', 'docks', 'strong', 'driver', 'visit', 'helping', 'direction', 'excellent', 'professionalism', 'personnel', 'team', 'etc', 'swab', 'ai', 'delivers', 'health', 'perform', 'systems', 'position', 'lab', 'healthcare', 'enjoys', 'integrated', 'javascript', 'actionable', 'help', 'orchestrate', 'assigned', 'medical', 'permits', 'daily', 'wearables', 'handle', 'inventory', 'corp', 'essential', 'experience', 'objects', 'strictest', 'ability', 'printers', 'sit', 'proud', 'precision', 'ok', 'controls', 'understanding', 'twin', 'network', 'efficient', 'duties', 'demands', 'moves', 'disable', 'profiles', 'written', 'receive', 'lifts', 's', 'functions', 'access', 'genomic', 'facilitating', 'requirements', 'verbal', 'key', 'described', 'information', 'records', 'pixel', 'gain', 'practice', 'healthier', 'optimize', 'details', 'background', 'tulsa', 'supplies', 'clinical', 'members', 'specimens', 'talk', 'adjust', 'qualified', 'opportunity', 'disabilities', 'designee', 'manager', 'responsibilities', 'experiences', 'pounds', 'provides', 'successfully', 'desire', 'browser', 'looking', 'home', 'reach', 'enable', 'individuals', 'director', 'knowledge', 'specific', 'personalized', 'specimen', 'sites', 'policy', 'properly', 'including', 'representative', 'required', 'lifestyle', 'site', 'feel', 'vision', 'privacy', 'diagnostic', 'diversity', 'specialties', 'ga', 'digital', 'web', 'affiliated', 'live', 'performance', 'performing', 'atlanta', 'office', 'view', 'accession', 'time', 'reasonable', 'affirmative', 'hands', 'care', 'platform', 'powered', 'use', 'smooth', 'frequently', 'order', 'attention', 'positively', 'entire', 'hand', 'equal', 'physicians', 'hear', 'finger', 'laptops', 'withhealth', 'individual', 'maintain', 'workplace', 'member', 'receipt', 'vitro', 'collection', 'met', 'label', 'stand', 'skills', 'communication', 'see', 'tracking', 'data', 'electronic', 'tests', 'operations', 'focus', 'instructions', 'accommodations', 'must', 'tablets', 'inspirational', 'patient', 'others', 'made', 'technology', 'employee', 'friendly', 'guidance', 'accessible', 'may', 'detail', 'physical', 'close', 'assistant', 'inc', 'veteran', 'kit', 'tools']"
17,Lab Assistant,Shield T3 LLC,"Washington, DC 20510 (Capitol Hill area)",3b1b6166d8559ed0,http://www.indeed.com/rc/clk?jk=3b1b6166d8559ed0,[],"['assuming', 'shift', 'company', 'aide', 'sample', 'appropriately', 'breaks', 'wear', 'basic', 'apply', 'get', 'interpersonal', 'completed', 'laboratory', 'dc', 'needed', 'tested', 'testing', 'necessary', 'job', 'shield', 'insurance', 'candidates', 'companies', 'info', 'work', 'washington', 'assist', 'interact', 'full', 'description', 'hiring', 'quality', 'day', 'personal', 'ensure', 'thoroughly', 'skill', 'benefits', 'diploma', 'supports', 'jobs', 'processes', 'strong', 'completion', 'direction', 'willingly', 'excellent', 'change', 'team', 'require', 'thousands', 'united', 'schedule', 'manner', 'best', 'health', 'sure', 'lab', 'maintaining', 'routinely', 'assists', 'help', 'assigned', 'appropriate', 'warehouse', 'daily', 'sign', 'inventory', 'acceptable', 'high', 'workspace', 'experience', 'content', 'meets', 'documented', 'post', 'ability', 'cookies', 'approved', 'demonstrates', 'co', 'career', 'acceptability', 'duties', 'events', 'disinfect', 'submitted', 'written', 's', 'updates', 'salaries', 'indeed', 'complaints', 'kept', 'key', 'paid', 'country', 'program', 'processing', 'beyond', 'complete', 'performs', 'days', 'rejected', 'information', 'qualifications', 'ago', 'save', 'reviews', 'week', 'variety', 'school', 'supplies', 'new', 'specimens', 'certifications', 'participates', 'adjust', 'report', 'let', 'initial', 'communicated', 'search', 'manager', 'responsibilities', 'protocol', 'available', 'center', 'workers', 'correctly', 'resume', 'home', 'find', 'follow', 'create', 'tasks', 'needs', 'training', 'client', 'coordinating', 'knowledge', 'lunch', 'states', 'employers', 'specimen', 'insufficient', 'responsible', 'upload', 'required', 'times', 'privacy', 'wide', 'terms', 'communicating', 'prioritize', 'employer', 'office', 'safety', 'request', 'monitoring', 'time', 'pertinent', 'type', 'racks', 'assures', 'use', 'multitask', 'queries', 'flexibility', 'receives', 'attention', 'k', 'positively', 'education', 'schedules', 'consistent', 'includes', 'organization', 'responsibility', 'management', 'approach', 'inability', 'skip', 'advanced', 'receipt', 'going', 'customer', 'competency', 'reference', 'system', 'bsl', 't3', 'additional', 'laboratories', 'prepare', 'skills', 'analysis', 'samples', 'communication', 'preferred', 'countries', 'ppe', 'accessibility', 'will', 'equivalent', 'students', 'browse', 'main', 'directly', 'now', 'covid', 'must', 'process', 'llc', 'methods', 'application', 'advice', 'continually', 'makes', 'per', 'employees', 'considerations', 'detail', 'receiving', 'clean', 'screening', 'assistant', 'quantity', 'sell', 'evaluates', 'matching', 'dental', 'alternative', 'verbal']"
18,Lab Assistant,Citizens Memorial Healthcare,"Bolivar, MO 65613",7f1442525e99752c,http://www.indeed.com/rc/clk?jk=7f1442525e99752c,[],"['lt', 'noscript', 'manager', 'endif', 'respond.min.js', 'google', 'end', '3', 'ie', 'tag', 'script', 'src', 'shiv', 'ajax', 'shiv.min.js', 'cdnjs.cloudflare.com', 'html', 'respond.js', 'libs']"
19,Laboratory Assistant,HMI,"Manitowoc, WI 54220",8c2d85489a849a16,http://www.indeed.com/rc/clk?jk=8c2d85489a849a16,"['analyze', 'equipment']","['shift', 'company', 'chemical', 'using', 'conduct', 'apply', 'get', 'critical', 'general', 'laboratory', 'thinker', 'equipment', 'needed', 'testing', 'candidates', 'job', 'companies', 'preparing', 'work', 'independent', 'info', 'assist', 'studies', 'concrete', 'oriented', 'chemistries', 'policies', 'development', 'monday', 'hire', 'successful', 'quality', 'day', 'upkeep', 'personal', 'availability', 'well', 'detailed', 'diploma', 'jobs', 'interested', 'strong', 'procedures', 'environment', 'change', 'excellent', 'team', 'require', 'thousands', 'united', 'floor', 'schedule', 'maintenance', 'today', 'regulations', 'calibration', 'experimental', 'saying', 'loss', 'come', 'sounds', 'health', 'perform', 'like', 'lab', 'industry', 'help', 'handling', 'instrumentation', 'sign', 'manitowoc', 'read', 'high', 'content', 'post', 'fit', 'product', 'ability', 'cookies', 'career', 'understanding', 'hiring', 'events', 'products', 'various', 'written', 'analyze', 's', 'updates', 'salaries', 'indeed', 'requirements', 'following', 'country', 'shop', 'correct', 'days', 'remotely', 'information', 'records', 'ago', 'save', 'reviews', 'staff', 'school', 'control', 'certifications', 'comply', 'report', 'let', 'search', 'chemistry', 'responsibilities', 'scientific', 'center', 'looking', 'discretion', 'resume', 'home', 'find', 'follow', 'people', 'create', 'tasks', 'leading', 'learning', 'states', 'employers', 'responsible', 'department', 'upload', 'required', 'good', 'privacy', 'area', 'terms', 'housekeeping', 'employer', 'support', 'safety', 'request', 'time', 'associated', 'present', 'type', 'advance', 'place', 'minimal', 'findings', 'hardworking', 'order', 'attention', 'education', 'raising', 'organization', 'documentation', 'approach', 'friday', 'skip', 'individual', 'chemists', 'advanced', 'maintain', 'record', 'prevention', 'experiments', 'sterilize', 'candidate', 'skills', 'samples', 'communication', 'hmi', 'preferred', 'countries', 'accessibility', 'data', 'will', 'equivalent', 'browse', 'tests', 'main', 'directly', 'now', 'research', 'must', 'goal', 'process', 'results', 'wi', 'methods', 'manufacturer', 'application', 'advice', 'working', 'provide', 'detail', 'clean', 'screening', 'assistant', 'sell', 'part', 'instrument', 'alternative', 'supervision', 'verbal']"
20,Lab Assistant,Mosaic Life Care,"Maryville, MO",4d086e531e5863d7,http://www.indeed.com/rc/clk?jk=4d086e531e5863d7,[],"['cart', 'mosaic', 'default', 'notice', 'div', 'recruitment', 'apply', 'login', 'end', 'consider', 'provider', 'object.bind', 'give', 'apps', 'job', 'doctor', 'insurance', 'filled', 'viewed', 'contact', 'personal', 'aa', 'street', 'ways', 'expired', 'talent', 'benefits', 'instance', 'pay', 'copyright', 'mobile', 'jobs', 'section', 'recom', 'patients', 'communities', 'team', 'nursing', 'menu', 'graduate', 'schedule', 'ff', 'b', 'discrimination', 'meet', 'settings', 'leaders', 'like', 'cookie', 'medical', 'online', 'submit', 'newsroom', 'mo', 'term', 'header', 'v', 'career', 'profile', 'ph', 'jobdetail', 'joseph', 'cv', 'id', 'disclaimer', 'fd', 'us', 'state', 'element', 'information', 'also', 'orientation', 'records', 'widget', 'quick', 'bill', 'careers', 'physician', 'services', 'nurses', 'links', 'value', 'caring', 'hospital', 'website', 'find', 'subscribe', 'people', 'billing', 'current', 'appointment', 'policy', 'long', 'site', 'privacy', 'logo', 'terms', 'diversity', '3df', 'faraon', 'categories', 'st', 'map', 'location', 'maybe', 'visitors', 'bd', 'edd', 'non', 'use', 'sorry', 'oftgcz', 'physicians', 'endif', 'share', 'usa', 'cause', 'class', 'apart', 'acute', '3', 'count', 'data', 'main', 'sets', 'app', 're', 'caregivers', 'trying', 'page', 'life', 'patient', 'employee', 'social', 'community', 'title', 'similar', 'email', 'care', 'specialties']"
21,LAB ASSISTANT - MUHLENBERG HEALTHPLEX,Owensboro Health,"Powderly, KY",1f27d6983760c1f2,http://www.indeed.com/rc/clk?jk=1f27d6983760c1f2,['equipment'],"['apply', 'walking', 'gtm', 'stooping', 'needed', 'testing', 'service', 'true', 'contact', 'hire', 'innovation', 'distinguish', 'allow', 'wrapper', 'equivalency', 'prn', 'magazine', 'accessioning', 'favicon', 'jobs', 'visit', 'height', 'footer', 'manner', 'surpass', 'visibility', 'carrying', 'repetitive', 'therapeutic', 'facebook', 'medical', 'experience', 'phones', 'identifying', 'cookies', 'alert', 'healthplex', 'trust', 'events', 'orders', 's', 'seoindex', 'identified', 'leg', 'beyond', 'paramedic', 'proper', 'reports', 'ideas', 'details', 'consistently', 'specimens', 'links', 'judgment', 'search', 'standards', 'lbs', 'h', 'technical', 'promote', 'horsley', 'muhlenberg', 'needs', 'knowledge', 'privacy', 'computer', 'communicates', 'map', 'location', '.content', '.main', 'requires', 'modal', 'creative', '.pre', 'seriously', 'hidden', 'summary', 'seeing', 'transporting', 'anticipating', 'government', 'meeting', 'responsibility', 'f', 'google', 'skills', 'eligibility', 'prev', 'youtube', 'style', 'vars', 'now', 'must', 'meta', 'provide', 'commitments', 'care', 'reaching', 'stores', 'talking', 'recruitment', 'aseptic', 'critical', 'obstacles', 'recteam', '.saved', 'ky', 'info', 'keyboard', 'm', 'pushing', 'exceptional', 'answering', 'delivery', 'diploma', 'thinking', 'technologist', '.jobs', 'section', 'spirit', 'timely', 'patients', 'student', '33', 'respiratory', 'color', 'excellence', 'everything', 'healthcare', 'appropriate', 'maintains', 'upon', 'none', 'daily', 'high', 'content', 'celebrate', 'hours', 'header', 'network', 'duties', 'foster', 'us', 'via', 'bending', 'hearing', 'improving', 'bar', 'processing', 'iframe', 'unique', 'information', 'waived', 'context', 'qualifications', 'save', 'careers', 'consent', 'contributions', 'reliability', 'media', 'opportunity', 'radiology', 'safe', 'value', 'connected', 'stressful', 'website', 't', 'home', 'near', 'reach', 'opt', 'occasionally', 'current', 'mission', 'specimen', 'able', 'required', 'seo', '.row', 'employer', 'sidebar', 'decisive', 'back', 'www.googletagmanager.com', 'toll', 'far', 'produce', 'previous', 'display', 'hand', 'registration', 'pulling', 'share', 'attributes', 'certification', 'level', 'customer', 'coworkers', 'integrity', 'bottom', '3', 'honesty', 'ged', 'personalised', 'works', 'page', 'outstanding', 'fluid', '.sticky', 'social', 'continually', 'goals', 'community', 'close', 'receiving', 'physical', 'plan', 'clerical', 'awareness', 'begin', 'supply', 'take', 'according', 'confirms', 'using', 'noscript', 'basic', 'login', 'job', 'twitter', 'accept', 'verifies', 'powderly', 'copyright', 'benefits', 'expectations', 'ns.html', 'standing', 'related', 'echo', 'health', 'lab', 'stock', 'show', 'adequate', 'relevant', 'fit', 'v', 'career', 'demands', 'top', 'jessie', 'id', 'disclaimer', 'p', 'original', 'every', 'decline', 'core', 'described', 'width', 'logic', 'school', 'used', 'supplies', 'members', 'services', 'providers', 'telephone', 'item', 'manager', 'responsibilities', 'arm', 'solutions', 'emergency', 'thoughtfully', 'striving', 'climbing', 'policy', 'expand', 'site', 'saved', 'area', 'terms', 'headlines', 'build', 'sections', 'venipuncture', 'registrations', 'frequently', 'cardiac', 'test', 'owensboro', 'respect', 'physicians', 'higher', 'right', 'one', 'hero', 'depth', 'fellowship', 'teamwork', 'results', 'patient', '.card', 'linkedin', 'stay', 'crouching', 'supervision', '.job', 'perception', 'conduct', 'end', 'general', 'crawling', 'laboratory', 'opportunities', 'equipment', 'insurance', 'filing', 'tag', 'work', 'assist', 'action', 'quality', 'src', 'talent', 'procedures', 'licensure', 'environment', 'team', 'future', 'phone', 'perform', 'next', 'assists', 'group', 'referrals', 'lift', 'authorization', 'radiologic', 'functions', 'oh', 'performs', 'req', '.container', 'together', 'movements', 'kneeling', 'foot', 'therapy', 'functionality', 'sitting', 'follow', 'running', 'talents', 'organized', 'department', 'including', 'legal', 'vision', 'reserved', 'join', 'volunteers', 'free', 'accomplishments', 'entry', 'recruiter', 'image', 'minimal', 'conditions', 'use', 'connectivity', 'rights', 'list', 'equal', 'distribution', 'age', 'rarely', 'member', 'technician', 'collection', 'data', 'electronic', 'lifting', 'focus', 'overcome', 'improve', 'fte', 'customers', 'owensborohealth.org', 'title', 'may', 'news', 'assistant', 'email', 'sonographer', 'groups']"
22,Lab Assistant,Native Microbials,"San Diego, CA 92121 (Torrey Pines area)",c9607dd5dfccf3f3,http://www.indeed.com/rc/clk?jk=c9607dd5dfccf3f3,"['microsoft', 'equipment']","['take', 'shift', 'company', 'distancing', 'basic', 'apply', 'get', 'ca', 'critical', 'walking', 'general', 'laboratory', 'equipment', 'candidates', 'companies', 'job', 'independent', 'work', 'info', 'providing', 'assist', 'introductory', 'full', 'protective', 'description', 'monday', 'coursework', 'oriented', 'hiring', 'day', 'personal', 'allow', 'excel', 'meetings', 'microbials', 'applications', 'diploma', 'pay', 'jobs', 'procedures', 'ideal', 'direction', 'standing', 'change', 'prolonged', 'require', 'flexible', 'thousands', 'capable', 'united', 'schedule', 'https', 'calculations', 'perform', 'microbiology', 'lab', 'enjoys', 'disinfecting', 'help', 'sign', 'high', 'virtual', 'content', 'experience', 'preparation', 'hours', 'precaution', 'post', 'group', 'frequent', 'ability', 'cookies', 'biology', 'career', 'guidelines', 'reliable', 'scientists', 'events', 'products', 's', 'updates', 'salaries', 'indeed', 'requirements', 'adaptable', 'bending', 'www.nativemicrobials.com', 'country', 'someone', 'days', 'remotely', 'information', 'reagents', 'qualifications', 'ago', 'gain', 'save', 'reviews', 'week', 'school', 'hour', 'spontaneous', 'consumables', 'word', 'projects', 'details', 'certifications', 'media', 'report', 'let', 'search', 'chemistry', 'responsibilities', 'center', 'website', 'cleaning', 'resume', 'sitting', 'home', 'find', 'dependable', 'people', 'create', 'follow', 'training', 'states', 'employers', 'responsible', 'diego', 'times', 'upload', 'required', 'privacy', 'terms', 'college', 'provided', 'live', 'bigger', 'interacting', 'employer', 'office', 'native', 'support', 'safety', 'request', 'rather', 'time', 'requires', 'type', 'hands', 'picture', 'place', 'develop', 'education', 'test', 'shifts', 'approach', 'friday', 'skip', 'advanced', 'familiarity', 'level', 'lecture', 'experiments', 'skills', 'restock', 'prepare', 'glassware', 'countries', 'accessibility', 'adhere', 'san', 'will', 'equivalent', 'browse', 'main', 'operations', 'focus', 'directly', 'covid', 'now', 'must', 'process', 'microsoft', 'interview', 'methods', 'application', 'advice', 'social', 'working', 'per', 'valuable', 'detail', 'sanitizing', 'clean', 'screening', 'assistant', 'sell', 'remote', 'part', 'microbial', 'alternative']"
23,Lab Assistant,Memphis Pathology Laboratory,"Memphis, TN",b42b06dbd24441f0,http://www.indeed.com/rc/clk?jk=b42b06dbd24441f0,[],[]
24,Lab Assistant,Boca Raton Regional Hospital,"Boca Raton, FL 33486",849b839b0f77a644,http://www.indeed.com/rc/clk?jk=849b839b0f77a644,['culture'],"['j', 'cart', 'baptist', 'miami', 'religion', 'expression', 'div', 'default', 'notice', 'apply', 'end', 'click', 'consider', 'enterprise', 'unposted', 'li', 'job', 'doctor', 'jobdetail.category', 'announcements', 'providing', 'faq', 'viewed', 'ci', 'federal', 'cancer', 'contact', 'ancestry', 'human', 'ppc', 'identity', 'w', 'e', 'personal', 'tallnursingspecialtieslinkpath', 'theme', 'alumni', 'protected', 'glassdoor', 'vendors', 'learn', 'employment', 'programs', 'expired', 'talent', 'instance', 'benefits', 'pay', 'harassment', 'mobile', 'jobs', 'practices', 'section', 'primary', 'recom', 'patients', 'nursing', 'applicants', 'menu', 'testimonials', 'sex', 'color', 'come', 'discrimination', 'health', 'residencies', 'settings', 'like', 'perform', 'open', 'position', 'jioqn', 'cookie', 'help', 'online', 'giving', 'basis', 'sign', 'category.bind', 'please', 'content', 'fit', 'tevent', 'header', 'v', 'shortlocationstext', 'career', 'profile', 'ph', 'heal', 'events', 'player', 'hospitals', 'id', 'fd', 'shortlocationslinkpaths', 's', 'state', 'vascular', 'us', 'appointments', 'assistance', 'committed', 'key', 'simple', 'no.bind', 'element', 'doctors', 'complete', 'applicant', 'accommodation', 'sitemap', 'connect', 'information', 'also', 'america', 'orientation', 'need', 'widget', 'healthiest', 'bill', 'd', 'tallnursingspecialtiestext', 'disability', 'clinical', 'mode.bind', 'services', 'culture', 'law', 'want', 'national', 'nurses', 'links', 'media', 'opportunity', 'disabilities', 'military', 'search', 'hospital', 'origin', 'areas', 'florida', 'status', 'website', 'classification', 'find', 'subscribe', 'race', 'people', 'applicable', 'institute', 'informatics', 'sexual', 'policy', 'resources', 'reserved', 'site', 'trait', 'privacy', 'diagnostic', 'join', 'genetic', 'specialties', 'terms', 'adc', 'volunteers', 'live', 'kendall', 'employer', 'topics', 'categories', 'view', 'support', 'vacation', 'local', 'reasonable', 'maybe', 'visitors', 'form', 'west', 'classes', 'care', 'use', 'copyright', 'sorry', 'href', 'rights', 'cardiac', 'fc', 'children', 'registration', 'equal', 'respect', 'physicians', 'endif', 'international', 'pregnancy', 'professionals', 'unlawful', 'age', 'express', 'reason', 'class', 'candidate', 'mariners', 'card', '3', 'facilities', 'characteristic', 'homestead', 'jobdetail.jobseqno', 'count', 'data', 'electronic', 'urgent', 'south', 'main', 're', 'locations', 'trying', 'seq', 'pharmacy', 'page', 'goal', 'life', 'centers', 'gender', '3e', 'attr', 'application', 'familial', 'social', 'employee', 'pre', 'community', 'title', 'similar', 'employees', 'news', 'email', 'prohibits', 'mw', 'veteran', 'z', 'marital', 'scholarships']"
25,LAB ASSISTANT NON LICENSED - MICROBIOLOGY,Hoag Memorial Hospital Presbyterian,"Newport Beach, CA 92663",83a2d047f8e22dd2,http://www.indeed.com/rc/clk?jk=83a2d047f8e22dd2,"['analyze', 'culture', 'equipment']","['different', 'religion', 'identifiable', 'date', 'include', 'aspects', 'span', 'o', 'notice', 'limited', 'ca', 'affiliation', 'interpersonal', 'regularly', 'clicked', 'shared', 'testing', 'companies', 'apps', 'service', 'combine', 'contact', 'interests', 'allow', 'vendors', 'alerts', 'employment', 'initiative', 'participate', 'kilqcy', 'child', 'processes', 'rent', 'visit', 'demographics', 'change', 'membership', 'respond', 'wp', 'develops', 'best', 'industry', 'navigate', 'help', 'medical', 'tuberculosis', 'got', 'direct', 'please', 'read', 'infection', '.png', 'cookies', 'demonstrates', 'whether', 'a3jiqqxg', 'oly', 'events', 'diem', 'racrrfv', 'requirements', 'address', 'assistance', 'making', 'identified', 'birth', 'connect', 'scope', 'tgvgtxoxphdpjrisnra', 'removed', 'collect', 'proper', 'portion', 'guardian', 'control', 'x', 'new', 'law', 'custom', 'want', 'participates', 'links', 'allied', 'search', 'available', 'emails', 'origin', 'timestamps', 'visiting', 'needs', 'institute', 'explore', 'enforcement', 'lf', 'specifying', 'knowledge', 'publicly', 'appointment', 'progress', 'privacy', 'genetic', 'confirm', 'ordering', 'computer', 'bootstrap.min.js', 'communicates', 'defined', 'support', 'safety', 'monitoring', 'administering', 'form', 'sale', 'special', 'primarily', 'utm', 'interest', 'ad', 'receives', 'disclosed', 'entire', 'children', 'changing', 'distributes', 'operates', 'icon', 'ask', 'google', 'ijy3ywj', 'wlwmanifest.xml', 'questions', 'awards', 'skills', 'db', 'acts', 'accurately', 'relate', 'rsd+xml', 'now', 'operations', 'enforce', 'dedicated', 'irvine', 'identify', 'gender', 'partner', '.min.js', 'problems', 'sd', 'screening', 'thereon', 'sell', 'contacting', 'clear', 'emailing', 'care', 'expiration', 'xf', 'stores', 'advertisements', 'privacy.html', 'stored', 'confidentiality', 'mechanism', 'angeles', 'dotspy', 'confidential', 'box', 'targeted', 'tracked', 'delivery', 'wait..', 'collapse', 'webpages', 'herein', 'cairweb.org', 'resident', 'applicants', 'xcqzysjnsptmqq', 'political', '33', 'consumers', 'third', 'systems', 'like', 'secondary', 'healthcare', 'remarketing', 'cookie', 'appropriate', 'verification', 'maintains', 'licensed', 'obtained', 'submit', 'preferences', 'content', 'product', 'api.w.org', 'recognizes', 'tcg', 'immunization', 'us', 'diagnose', 'immediately', 'fn', 'science', 'following', 'improving', 'information', 'anonymous', 'error', 'updated', 'careers', 'takes', 'variety', 'activated', 'p.o', 'however', 'media', 'opportunity', 'deleted', 'status', 'websites', 'number', 'version', '.3', 'drive', 'find', 'home', 'create', 'tasks', 'certain', 'presented', 'states', 'specimen', 'describes', 'able', 'reorganization', 'outside', 'rehabilitate', 'st', 'fonts', 'nzc', 'registering', 'iconic', 'database', 'agencies', 'warrant', 'method', 'immediate', 'staging.js', 'corrections', 'share', 'postal', 'pregnancy', 'uzhojp', 'receipt', 'customer', 'strive', 'integrity', 'card', '3', 'entrepreneurs', 'see', 'intra', 'attend', 'tests', 'internal', 'even', 'prize', 'acquire', 'page', 'life', 'us.html', 'proof', 'social', 'employee', 'ajax', 'strict', 'pzjsxhpf', 'cdnjs.cloudflare.com', 'bc', 'z', 'marital', 'take', 'accounts', 'admin.ajaxwatcher', 'appropriately', 'event', 'urine', 'based', 'en', 'body', 'believe', 'store', 'regard', 'communications', 'parental', 'dc', 'job', 'twitter', 'wlwmanifest', 'providing', 'past', 'promotions', 'centered', 'better', 'e', 'city', 'format', 'less', 'send', 'sharing', 'benefits', 'r', 'menu', 'united', 'inter', 'revised', 'experienced', 'https', 'example', 'loss', 'related', 'health', 'collects', 'lab', 'universally', 'offers', 'giveaways', 'dates', 'preparation', 'profile', 'assignment', 'behalf', 'products', 'id', 'receive', 'except', 'treat', 'relationship', 'acquires', 'committed', 'every', 'departmental', 'decline', 'consultants', 'facilitate', 'laws', 'records', 'line', 'keep', 'base', 'alter', 'telephone', 'comply', 'engage', 'areas', 'posting', 'treats', 'img', 'solutions', 'behavioral', 'emergency', 'financial', 'survey', 'responsible', 'properly', 'terms', 'jquery.js', 'web', 'themes', 'cair', 'immunizations', 'organizational', 'statewide', 'hosted', 'impression', 'test', 'effective', 'permitted', 'expertise', 'physicians', 'gghdx', 'joint', 'roboto', 'right', 'purchase', 'therein', 'one', 'continuing', 'risk', 'icons', 'analysis', 'facilities', 'communicate', 'changes', 'purchases', 'expressly', 'will', 'results', 'california', 'patient', 'others', 'major', '3a3', 'enhance', 'ver', 'guidance', 'employees', 'policy.aspx', 'evolve', 'embed', 'disclosure', 'supervision', 'tags', 'code.jquery.com', '3d3fe', 'jquery', 'concerns', 'end', 'opportunities', 'laboratory', 'stylesheet', 'geographic', 'give', 'preparing', 'work', 'county', 'labels', 'quality', 'newsletter', 'indicate', 'materials', 'name', 'reverence', 'personalinformation', 'nursing', 'design', 'phone', 'call', 'settings', 'oembed', 'orange', 'assists', 'javascript', 'prompt', 'compassion', 'giving', 'basis', 'technologies', 'private', 'g', 'pixels', 'party', 'visits', 'established', 'analyze', 'updates', 'functions', 'disposes', 'last', 'reputable', 'country', 'promotional', 'technological', 'together', 'eeo', 'optimize', 'giveaway', 'accordance', 'clinical', 'culture', 'national', 'determine', 'nurses', 'selected', 'start', 'instruments', 'venture', 'hospital', 'browser', 'protecting', 'qc', 'comment', 'follow', 'applicable', 'race', 'billing', 'training', 'da', 'enable', 'sexual', 'professional', 'text', 'specific', 'charge', 'engineering', 'department', 'representative', 'resources', 'cfcxyllq', 'join', 'provided', 'downloading', 'performance', 'grad', 'users', 'request', 'entitled', 'know', 'mechanisms', 'present', 'designed', 'house', 'use', 'libs', 'signup', 'develop', 'activates', 'rights', 'href', 'list', 'signing', 'includes', 'js', 'equal', 'advertising', 'internet', 'standard', 'member', 'pqsxyaf', 'collection', 'sending', 'filling', 'agents', 'desk', 'requests', 'electronic', 'decide', 'ages', 'accuracy', 'dlpage', 'www.google.com', 'preference', 'interview', 'titles', 'aabjrrou', 'made', 'limitation', 'interaction', 'application', 'customers', 'working', 'title', 'effectiveness', 'may', 'news', 'wordfence', 'assistant', 'transacting', 'email', 'reject', 'residents', 'tb', 'transmission', 'purpose', 'shift', 'sig', 'sterile', 'apply', 'get', 'click', 'processors', 'needed', '3a', 'delete', 'usage', 'hipaa', 'fraud', 'response', 'filled', 'mail', 'identity', 'across', 'contest', 'ensure', 'hl', 'exercise', 'preserves', 'jobs', 'practices', 'direction', 'package', 'employ', 'height', 'fcareers.hoag.org', 'maintenance', 'inferences', 'manner', 'clicking', 'piece', 'carry', 'css', 'careers.hoag.org', 'memorial', 'alt', 'online', 'choice', 'controlling', 'experience', 'gifs', 'cls', 'disabled', 'add', 'alert', 'can', 'combined', 'resolve', 'orders', 's', 'px', 'tools.google.com', 'merit', 'also', 'xmlrpc.php', 'containers', 'mailing', 'sources', 'successor', '3rd', 'specimens', 'popper.min.js', 'center', 'interactions', 'derived', 'involving', 'technical', 'actively', 'hoag', 'remind', 'shots', 'sites', 'operated', 'return', 'completing', 'debit', 'location', 'requested', 'time', 'year', 'type', 'taken', 'non', 'education', 'government', 'hoag.org', 'unable', 'documentation', 'f', 'skip', 'maintain', 'secure', 'documents', 'person', 'ns', 'rely', 'effect', 'samples', 'cdn3.iconfinder.com', 'ml', 'entering', 'business', 'marketing', 'regular', 'instructions', 'process', 'partners', 'operational', 'npm', 'august', 'provide', 'english', 'scientist', 'still', 'ads', 'governs', 'tracking.js', 'protect', 'inc', 'gaoptout', 'choices', 'font', 'www.hoag.org', 'xmz', 'activity', 'descriptor', 'factor', 'monitored', 'transmit', 'software', 'check', 'measures', 'offline', 'surveys', 'chvgrxlllvm', 'identifies', 'programs', 'guarantee', 'js.cookie.min.js', 'section', 'reminders', 'ikwlzy', 'forms', 'presbyterian', 'patients', 'graduate', 'note', 'inadvertently', 'color', 'uses', 'device', 'market', 'maintaining', 'evaluation', 'edituri', 'self', 'upon', 'high', 'essential', 'unless', 'newport', 'purposes', 'discriminate', 'joesph', 'platforms', 'understanding', 'network', 'featured', 'duties', 'guaranteed', 'profiles', 'operating', 'parent', 'via', 'deliver', 'program', 'processing', 'neither', 'days', 'link', 'consent', 'calling', 'aggregated', 'adherence', 'report', 'language', 'connected', 'caring', 'website', 'security', 'orthopedic', 'people', 'completely', 'de', 'opt', 'script', 'current', 'csj', 'required', 'fj', 'credit', 'customize', 'employer', 'url', 'back', 'emergencies', 'fnursing', 'precautions', 'json+oembed', 'www.aboutads.info', 'rsd', 'attention', 'display', 'hand', 'registration', 'advertisers', 'hwq', 'professionals', 'medicine', 'collaboratively', 'track', 'class', 'agree', 'navigational', 'families', 'rnfvkqt', 'communication', 'terminology', 'assets.adobedtm.com', 'misuse', 'urgent', 'family', 'segment', 'throughout', 'first', 'xml+oembed', 'ladder', 'unlawfully', 'community', 'registry', 'threats', 'close', 'plugins', 'difference', 'property', 'olvu', 'unauthorized', 'features', 'according', 'using', 'payment', 'serve', 'noscript', 'agreeing', 'nearest', 'extent', 'json', 'hiring', 'ip', 'accept', 'residency', 'fontello', 'transmissions', 'applications', 'instance', 'choose', 'greatness', 'personnel', 'participation', 'mlt', 'controlled', 'aci', 'sex', 'thirty', 'rc', 'assigned', 'sweepstakes', 'alliance', 'referred', 'within', 'disclaimer', 'access', 'cdn.jsdelivr.net', 'fax', 'cdph.ca.gov', 'exploring', 'described', 'merger', 'orientation', 'reagents', 'need', 'd', 'contaminated', 'manage', 'school', 'hour', 'transports', 'used', 'disability', 'supplies', 'connecting', 'services', 'providers', 'military', 'manager', 'offerings', 'toggler', 'subscribe', 'equivalence', 'leading', 'striving', 'tkzbtzdnaor', 'policy', 'times', 'personally', 'site', 'indicated', 'c', 'view', 'contracting', 'exposed', 'classes', 'transactions', 'retaliation', 'omissions', 'respect', 'organization', 'browsing', 'otherwise', 'without', 'collected', 'innovating', 'cleans', 'beacons', 'prepares', 'parties', 'wlwmanifest+xml', 'shown', 'establish', 'sx', 'sterilizes', 'hts', 'disclosures', 'linkedin', 'stay', 'bfec', 'illegal', 'defend', 'xml', 'general', 'rel', 'endeavors', 'history', 'equipment', 'seek', 'material', 'float', 'analytics', 'tag', 'campaigns', 'account', 'action', 'policies', 'gsap', 'keyword', 'prohibited', 'personal', 'src', 'intercept', 'well', 'comments', 'means', 'shipping', 'procedures', 'contained', 'checks', 'team', 'future', 'gryvwvah', 'los', 'improvement', 'perform', 'mechanics', 'microbiology', 'upcoming', 'instrumentation', 'feedback', 'regarding', 'group', 'foregoing', 'competence', 'installing', 'processed', 'ability', 'swap', 'won', 'utilized', 'visited', 'possible', 'performs', 'courtesy', 'remove', 'fonts.googleapis.com', 'make', 'bootstrap', 'placed', 'continuously', 'satellitelib', 'ejecoj', 'activities', 'update', 'including', 'legal', 'digital', 'contests', 'performing', '.js', 'administer', 'reasonable', 'entry', 'transfer', 'plo', 'ke', 'schools', 'place', 'conditions', 'order', 'collectively', 'l3tpxutea', 'regulatory', 'opnrjcyucjz', 'user', 'cairhelpdesk', 'prior', 'age', 'relating', 'technician', 'system', 'laboratories', 'alternate', 'tracking', 'data', 'ge', 're', 'advancement', 'directed', 'locations', 'improve', 'pharmacy', 'beach', 'passwords', 'technology', 'claims', 'coming', 'disposition', 'added', 'per', 'migrate.min.js', 'similar', 'tweenmax.min.js', 'reporting', 'connection', 'valuing', 'affiliates']"
26,Lab Assistant,Saint Joseph London,"London, KY 40741",bf7eea1f73daf785,http://www.indeed.com/rc/clk?jk=bf7eea1f73daf785,[],"['religion', 'qqnz', 'tags', 'contractor', 'activity', 'date', 'body', 'ada', 'commonspirit', 'complaint', 'offset', 'regard', 'limited', 'common', 'end', 'click', 'parental', 'source', 'considered', 'syqab', 'check', 'angeles', 'job', 'duty', 'ie', 'tag', 'fy', 'true', 'response', 'ucf', 'lpv', 'viewed', 'federal', 'contact', 'action', 'ancestry', 'configured', 'begin', 'preheader', 'identity', 'box', 'src', 'protected', 'well', 'icims', 'employment', 'arrest', 'fab', 'accommodate', 'name', 'choose', 'guide', 'pay', 'jobs', 'administrative', 'mobile', 'currently', 'spirit', 'notices', 'intro', 'underline', 'webpage', 'applicants', 'respond', 'future', 'height', 'lte', 'los', 'manner', 'https', 'sex', 'color', 'ordinances', 'b', 'health', 'frames', 'cfr', 'unleash', 'javascript', 'inquired', 'waaijer', 'furnish', 'please', 'actual', 'content', 'essential', 'unless', 'post', 'white', 'can', 'discriminate', 'career', 'disable', 'power', 'pass', 'drug', 'offer', 'opening', 'decoration', 'p', 's', 'functions', 'inclusive', 'access', 'state', 'us', 'hearing', 'screen', 'committed', 'px', 'expected', 'possible', 'applicant', 'accommodation', 'iframe', 'ban', 'information', 'another', 'laws', 'fair', 'orientation', 'line', 'need', 'width', 'remove', 'blank', 'careers', 'healing', 'disability', 'eeo', 'background', 'hires', 'law', 'messages', 'national', 'however', 'qualified', 'start', 'opportunity', 'telephone', 'let', 'disabilities', 'search', 'inline', 'formal', 'origin', 'status', 'placed', 'browser', '.3', 'applicable', 'race', 'compensation', 'floodlight', 'needs', 'individuals', 'left', 'jun', 'sexual', 'script', 'text', 'charge', 'mission', 'including', 'legal', 'seo', 'vision', 'size', 'creation', 'privacy', 'genetic', 'c', 'bga', 'workforce', 'employer', 'target', 'support', 'local', 'request', 'jan', 'know', 'proceeding', 'reasonable', 'url', 'www.youtube.com', 'nature', 'conviction', 'fa', 'type', 'affirmative', 'francisco', 'care', 'act', 'framework', 'rights', 'disclosed', 'href', 'display', 'consistent', 'equal', 'channel', 'lnqua', 'external', 'endif', 'otherwise', 'without', 'chance', 'age', 'disclose', 'mim', 'commonspirit.icims.com', 'involve', 'diverse', 'humankindness', 'candidate', 'class', 'useautoscrolling', '3', 'hashed', 'characteristic', 'requests', 'purpose', 'youtube', 'will', 'san', 'furtherance', 'americans', 'fellowship', 'style', 'inherit', 'must', 'works', 'process', 'sybre', 'www.advancinghealthcaretogether.org', 'part', 'page', 'gender', 'false', 'discharge', 'conducted', 'application', 'employee', 'pre', 'needsredirect', 'employees', 'close', 'discussed', 'disclosure', 'investigation', 'veteran', 'humanity', 'marital', 'polymer', 'font']"
27,Lab Assistant,Merieux NutriSciences,"Allentown, PA",8510f8064008d4f7,http://www.indeed.com/rc/clk?jk=8510f8064008d4f7,[],[]
28,Lab Assistant - Hoxworth,University of Cincinnati,"Cincinnati, OH",0d43efdec9c02f04,http://www.indeed.com/rc/clk?jk=0d43efdec9c02f04,['equipment'],"['therapies', 'shift', 'company', 'date', 'reaching', 'include', 'hej', 'sample', 'minority', 'based', 'ins', 'div', 'talking', 'apply', 'store', 'desired', 'breakage', 'positions', 'walking', 'listening', 'ljn', 'promotion', 'crawling', 'considered', 'stooping', 'laboratory', 'equipment', 'inspect', 'testing', 'candidates', 'job', 'material', 'service', 'furniture', 'independent', 'ship', 'motion', 'nearest', 'providing', 'work', 'facility', 'retirement', 'assist', 'federal', 'hired', 'shoveling', 'action', 'description', 'analytical', 'pushing', 'keyword', 'public', 'e.g', 'ucempl', 'overview', 'alerts', 'dirty', 'employment', 'category', 'send', 'materials', 'initiative', 'female', 'copyright', 'benefits', 'diploma', 'aid', 'asked', 'opers', 'jobs', 'talent', 'section', 'options', 'completion', 'standing', 'notices', 'personnel', 'etc', 'sf', 'environment', 'cleaned', 'flexible', 'united', 'herc', 'schedule', 'overhead', 'hoxworth', 'sorting', 'related', 'market', 'uc', 'perform', 'repetitive', 'lab', 'healthcare', 'rm', 'help', 'show', 'inclusion', 'none', 'pack', 'sign', 'identification', 'high', 'experience', 'content', 'essential', 'preparation', 'file', 'alert', 'can', 'profile', 'university', 'duties', 'transfusion', 'various', 'functions', 'state', 'us', 'option', 'inclusive', 'via', 'requirements', 'bending', 'hearing', 'committed', 'science', 'every', 'departmental', 'oh', 'bit.ly', 'dust', 'n', 'cell', 'complete', 'days', 'scope', 'records', 'reagents', 'qualifications', 'req', 'need', 'mailing', 'collect', 'containers', 'staff', 'arp', 'unit', 'contributions', 'multi', 'school', 'disability', 'contribution', 'supplies', 'often', 'packages', '3rd', 'specimens', 'kneeling', 'distribute', 'certifications', 'minimum', 'national', 'opportunity', 'search', 'language', 'pounds', 'security', 'center', 'website', 'instruments', 'dispose', 'sitting', 'comment', 'home', 'delivered', 'find', 'continuously', 'create', 'typing', 'holidays', 'solutions', 'learning', 'http', 'omj', 'current', 'weekends', 'states', 'specimen', 'able', 'climbing', 'department', 'stairs', 'required', 'including', 'site', 'privacy', 'vision', 'area', 'join', 'diversity', 'web', 'employer', 'squatting', 'view', 'cracks', 'monitoring', 'location', 'requested', 'time', 'jan', 'plo', 'ladders', 'lists', 'affirmative', 'alternative', 'unpack', 'place', 'assembling', 'changed', 'sort', 'education', 'hand', 'effective', 'equal', 'equitable', 'right', 'pulling', 'share', 'medicare', 'skip', 'parameters', 'maintain', 'medicine', 'institution', 'customer', 'system', 'diverse', 'collection', 'sterilize', 'additional', 'skills', 'loading..', 'prepare', 'card', '3', 'samples', 'glassware', 'trainings', 'communication', 'ged', 'culturally', 'internally', 'will', 'clery', 'lifting', 'strs', 'tests', 'now', 'segment', 'dedicated', 'research', 'statement', 'must', 'blood', 'teamwork', 'part', 'contribute', 'major', 'application', 'analyses', 'outfits', 'employee', 'cincinnati', 'social', 'english', 'community', 'kits', 'working', 'employees', 'similar', 'successfactors', 'may', 'receiving', 'physical', 'plan', 'clean', 'assistant', 'clear', 'ohio', 'inc', 'veteran', 'instead', 'crouching']"
29,Lab Assistant,BASF Corporation,"San Diego, CA 92121",45ef01a6ce6d8d2f,http://www.indeed.com/rc/clk?jk=45ef01a6ce6d8d2f,"['electrophoresis', 'pcr']","['religion', 'expression', 'company', 'include', 'economic', 'apply', 'get', 'ca', 'click', 'interpersonal', 'yeast', 'technique', 'contact', 'stages', 'identity', 'hire', 'innovation', 'ats', 'alerts', 'learn', 'employment', 'molecular', 'se', 'jobs', 'investing', 'plus', 'change', 'best', 'industry', 'help', 'liquid', 'please', 'experience', 'term', 'alert', 'power', 'emphasis', 'written', 's', 'making', 'beyond', 'accredited', 'solid', 'scope', 'paycheck', 'execute', 'law', 'qualified', 'search', 'chemistry', 'microorganisms', 'origin', 'play', 'looking', 'compensation', 'competitive', 'needs', 'knowledge', 'diego', 'long', 'return', 'lifelong', 'efforts', 'genetic', 'support', 'safety', 'enzyme', 'monitoring', 'location', 'form', 'basf', 'year', 'type', 'anything', 'education', 'supporting', 'icon', 'responsibility', 'skip', 'documents', 'collections', 'questions', 'enzymes', 'role', 'skills', 'glassware', 'samples', 'now', 'process', 'happens', 'gender', 'effectively', 'provide', 'screening', 'inc', 'rede', 'folders', 'rewards', 'perks', 'aseptic', 'gel', 'presentation', 'loading', 'retirement', 'formula', 'biological', 'minds', 'asynchronously', 'programs', 'adding', 'copies', 'mobile', 'suite', 'balancing', 'archival', 'applicants', 'note', 'professionally', 'color', 'third', 'market', 'handling', 'daily', 'submit', 'field', 'content', 'retrieval', 'bioresource', 'biology', 'dynamic', 'platforms', 'network', 'offer', 'recognizes', 'building', 'us', 'science', 'key', 'robust', 'days', 'unique', 'information', 'qualifications', 'link', 'variety', 'contributions', 'world', 'stage', 'media', 'opportunity', 'value', 'connected', 'status', 'find', 'people', 'create', 'central', 'tasks', 'rewarding', 'script', 'current', 'proactive', 'able', 'independently', 'required', 'large', 'employer', 'prioritize', 'discovery', 'sustainable', 'attention', 'display', 'degree', 'communicator', 'electrophoresis', 'external', 'individual', 'ingredients', 'autoclave', 'internal', 'first', 'life', 'social', 'employee', 'global', 'plan', 'veteran', 'marital', 'verbal', 'chemical', 'using', 'techniques', 'believe', 'belongatbasf', 'en', 'basic', 'regard', 'range', 'organize', 'job', 'nearest', 'providing', 'protection', 'way', 'competent', 'especially', 'desktop', 'description', 'ambitions', 'development', 'protected', 'institutions', 'send', 'applications', 'copyright', 'benefits', 'r', 'proficiency', 'sex', 'meet', 'health', 'operate', 'lab', 'stock', 'fulfil', 'procuring', 'second', 'career', 'within', 'id', 'receive', 'plans', 'quantitation', 'begins', 'original', 'every', 'strains', 'thrive', 'orientation', 'need', 'd', 'disability', 'na', 'services', 'members', 'responsibilities', 'biobanking', 'leading', 'planning', 'solutions', 'extractions', 'personally', 'expand', 'site', 'wide', 'web', 'fourth', 'view', 'organizational', 'build', 'paper', 'hands', 'automation', 'organization', 'higher', 'without', 'meticulous', 'restriction', 'dna', 'characteristic', 'bachelor', 'will', 'san', 'equivalent', 'parties', 'society', 'corporation', 'automated', 'look', 'major', 'employees', 'powders', 'accreditation', 'detail', 'cells', 'go', 'matching', 'project', 'laboratory', 'opportunities', 'culturing', 'insurance', 'preparing', 'work', 'assist', 'transformation', 'challenging', 'keyword', 'whole', 'personal', 'well', 'credits', 'talent', 'confident', 'strong', 'environment', 'communities', 'team', 'future', 'call', 'sure', 'position', 'handlers', 'giving', 'nearly', 'technologies', 'ability', 'buffers', 'always', 'grow', 'total', 'teams', 'just', 'addition', 'ms', 'taleo', 'national', 'stop', 'success', 'comment', 'follow', 'consideration', 'race', 'activities', 'council', 'learning', 'sexual', 'fifth', 'europe', 'including', 'chemicals', 'manipulation', 'join', 'elements', 'office', 'know', 'environmental', 'plo', 'image', 'll', 'use', 'equal', 'includes', 'management', 'pcr', 'chance', 'age', 'standard', 'record', 'digestion', 'preferred', 'data', 'research', 'never', 'application', 'customers', 'working', 'bacterial', 'glad', 'similar', 'everyone', 'acquisition', 'assistant', 'citizenship', 'microbial']"
