,job_title,job_cmp,job_loc,job_id,job_link,skills,words
0,Lab Assistant I/Processor $500 Sign on Bonus,Mercy Health Services,,7b346bb48fe26caf,http://www.indeed.com/rc/clk?jk=7b346bb48fe26caf,[],"['end', 'div', 'settings', 'class', 'javascript', 'config', 'based', 'css', 'engine', 'compiled', 'adp', 'carousel', 'careersite', 'ui', 'bk', 'search', 'view']"
1,Clinical Lab Assistant I--Evening Shift,Curative Inc.,,8c4be7d4e73fecf5,http://www.indeed.com/rc/clk?jk=8c4be7d4e73fecf5,[],"['cls', 'information', 'systems', 'ago', 'shift', 'cookies', 'night', 'require', 'performing', 'school', 'career', 'one', 'states', 'supervision', 'country', 'follow', 'ordering', 'schedule', 'create', 'rock', 'employers', 'assistant', 'lives', 'saying', 'direct', 'supplies', 'www.curative.com', 'taking', 'companies', 'save', 'monday', 'directly', 'assisting', '+', 'high', 'advanced', 'hiring', 'verbal', 'us', 'application', 'indeed', 'events', 'sell', 'location', 'plating', '3', 'helping', 'technicians', 'lab', 'employer', 'updates', 'time', 'degree', 'salaries', 'skip', 'good', 'demonstrated', 'post', 'get', 'inc', 'must', 'weekends', 'company', 'oriented', 'personal', 'friday', 'united', 'qualifications', 'types', 'content', 'duties', 'accessibility', 'looking', 'candidates', 'skills', 'jobs', 'assistants', 'required', 'read', 'people', 'request', 'responsibilities', 'strong', 'lead', 'change', 'practices', 'alternative', 'browse', 'terms', 'excellent', 'describes', 'science', 'round', 'temporary', 'certifications', 'info', 'laboratory', 'length', 'advice', 'description', 'countries', 'report', 'curative', 'regulatory', 'job', 'passionate', 'work', 'methods', 'scientists', 'urgently', 'word', 'find', 'thousands', 'apply', 'clinical', 'home', 'website', 'responsible', 'now', 'availability', 'preferred', 'center', 'risk', 'covid', 'accessioning', 'associate', 'sign', 'constant', 'working', 'communication', 'authorization', 'education', 'written', 'search', 's', 'tests', 'assigned', 'reviews', 'help', 'equivalent', 'employment', 'tx', 'full', 'inventory', 'culture', 'compliance', 'life', 'let', 'teams', 'process', 'per', 'main', 'evening', 'processing', 'proficiency', 'pay', 'competitive', 'upload', 'growth', 'checking', 'needed', 'innovative', 'understanding', 'screening', 'resume', 'computer', 'approach', 'clerical', 'hour', 'days', 'aggressive', 'months', 'privacy']"
2,Lab Assistant I,Eurofins Central Laboratory,"Madison, WI",e57c409b2b14b969,http://www.indeed.com/rc/clk?jk=e57c409b2b14b969,"['sops', 'gmp']","['grinding', 'including', 'international', 'homogenous', 'central', 'hours', 'information', 'offer', 'way', 'available', 'open', 'oneclick.publicationid', 'bio', 'activities', 'successfully', 'static', 'detail', 'policy', 'include', 'shift', 'appropriate', 'testing', 'cookies', 'also', 'positive', 'one', 'market', 'test', 'product', 'environmental', 'smoothly', 'follow', 'leaders', 'demonstrates', 'e.g', 'glp', 'great', 'adaptability', 'new', 'techniques', 'representative', 'knowledge', 'refer', 'assistant', 'revenues', 'week', 'm', 'run', 'nd', 'employee', 'world', 'manner', 'independently', 'national', 'unparalleled', 'routine', 'pharmaceutical', 'day', 'chemistry', 'alt', 'accurate', 'code', 'discovery', 'conducts', 'qr', 'jobad', 'sites', 'resolved', '3', 'location', 'applies', 'lab', 'time', 'number', 'established', 'img.jobad', 'comply', 'years', 'environment', 'efficient', 'st', 'operations', 'range', 'performs', 'billion', 'must', 'wechat', 'company', 'use', 'link', 'personal', 'whats', 'leader', 'settings', 'qualifications', 'vacation', 'duties', 'eurofins', 'data', 'benefits', 'sops', 'button', 'skill', 'logs', 'looking', 'skills', 'related', 'required', 'friend', 'requirements', 'dental', 'personnel', 'instructions', 'attitude', 'experience', 'wi', 'responsibilities', 'strong', 'recognition', 'supposed', 'learn', 'additional', 'terms', 'attendance', 'glps', 'excellent', 'limited', 'following', 'providing', 'industries', 'will', 'prepares', 'samples', 'procedures', 'organizational', 'match', 'governments', 'laboratory', 'consumer', 'oral', 'description', 'place', 'src', 'madison', 'countries', 'onetrust', 'keep', 'disability', 'team', 'simultaneously', 'job', 'work', 'methods', 'records', 'coverage', 'videos', 'comprehensive', 'duty', 'laboratories', 'ability', 'annual', 'policie', 'paid', 'options', 'candidate', 'watch', 'responsibility', 'scan', 'products', 'packages', 'tasks', 'feature', 'communication', 'services', 'tracking', 'written', 'global', 'hidden', 'maintains', 'disposal', 'usa', 'insurance', 'individual', 'assigned', 'mixing', 'genomics', 'clean', 'become', 'analytical', 'self', 'multiple', 'support', 'essential', 'employees', 'group', 'preparing', 'full', 'satisfactorily', 'motivation', 'copy', 'clipboard', 'compliance', 'agroscience', 'assists', 'scientific', 'life', 'attention', 'interested', 'inventories', 'click', 'analysis', 'areas', 'safe', 'able', 'leading', 'disabled', 'biopharmaceutical', 'processor', 'food', 'ideal', 'field', 'pharmacology', 'punctuality', 'vision', 'possess', 'across', 'gmp', 'medical', 'holidays', 'received', 'regular', 'computer', 'promotes', 'days', 'powered', 'perform', 'k', 'part', 'share', 'ensure', 'privacy']"
3,Lab Assistant I,Eurofins USA Food Testing,"Madison, WI",53a5b5080041754a,http://www.indeed.com/rc/clk?jk=53a5b5080041754a,"['sops', 'gmp']","['grinding', 'including', 'international', 'homogenous', 'central', 'hours', 'information', 'offer', 'way', 'available', 'share.', 'open', 'bio', 'activities', 'successfully', 'detail', 'policy', 'include', 'shift', 'appropriate', 'testing', 'also', 'positive', 'one', 'market', 'test', 'product', 'environmental', 'smoothly', 'follow', 'leaders', 'demonstrates', 'e.g', 'glp', 'great', 'adaptability', 'new', 'techniques', 'representative', 'knowledge', 'refer', 'assistant', 'revenues', 'week', 'm', 'run', 'nd', 'employee', 'world', 'manner', 'independently', 'national', 'unparalleled', 'routine', 'pharmaceutical', 'day', 'chemistry', 'accurate', 'code', 'discovery', 'conducts', 'qr', 'sites', '3', 'location', 'applies', 'lab', 'time', 'number', 'established', 'comply', 'years', 'environment', 'efficient', 'st', 'operations', 'range', 'performs', 'billion', 'must', 'wechat', 'company', 'use', 'link', 'personal', 'leader', 'qualifications', 'vacation', 'duties', 'eurofins', 'data', 'benefits', 'sops', 'skill', 'logs', 'looking', 'skills', 'related', 'required', 'friend', 'requirements', 'dental', 'personnel', 'instructions', 'attitude', 'experience', 'wi', 'responsibilities', 'strong', 'recognition', 'learn', 'additional', 'terms', 'attendance', 'glps', 'excellent', 'limited', 'following', 'providing', 'industries', 'will', 'prepares', 'samples', 'procedures', 'organizational', 'match', 'governments', 'laboratory', 'consumer', 'oral', 'description', 'place', 'madison', 'countries', 'keep', 'disability', 'team', 'simultaneously', 'job', 'work', 'methods', 'records', 'coverage', 'videos', 'comprehensive', 'duty', 'laboratories', 'ability', 'annual', 'policie', 'paid', 'options', 'candidate', 'watch', 'responsibility', 'scan', 'products', 'packages', 'tasks', 'communication', 'services', 'written', 'global', 'maintains', 'disposal', 'usa', 'insurance', 'individual', 'assigned', 'mixing', 'genomics', 'clean', 'become', 'analytical', 'self', 'multiple', 'support', 'essential', 'employees', 'group', 'preparing', 'full', 'satisfactorily', 'motivation', 'copy', 'clipboard', 'compliance', 'agroscience', 'assists', 'scientific', 'life', 'attention', 'interested', 'inventories', 'click', 'analysis', 'areas', 'safe', 'able', 'leading', 'biopharmaceutical', 'processor', 'food', 'ideal', 'field', 'pharmacology', 'punctuality', 'vision', 'possess', 'across', 'gmp', 'medical', 'holidays', 'received', 'regular', 'computer', 'promotes', 'days', 'powered', 'perform', 'k', 'part', 'share', 'ensure', 'privacy']"
4,Medical Lab Assistant- Phlebotomist,Group Health Cooperative of South Central Wisconsi...,"Fitchburg, WI 53711",fa75e758771ba11e,http://www.indeed.com/rc/clk?jk=fa75e758771ba11e,[],"['width', 'navbar', 'complex', 'quote', 'community', 'including', 'contractors', 'benefit', 'hammons', 'dane', 'central', 'used', 'viewing', 'sports', 'information', 'offer', 'chiropractic', 'espa', 'hearing', 'systems', 'searchicon', 'medicare', 'nationally', 'blog', 'policy', 'navigation', 'include', 'members', 'transfer', 'opportunity', 'fees', 'receive', 'copyright', 'contact', 'within', 'many', 'career', 'rights', 'school', 'one', 'specialists', 'state', 'javascript', 'measurement', 'classes', 'patients', 'thank', 'btn', 'prescriptions', 'radiology', 'map', 'resources', 'member', 'delivery', 'placeholders', 'copies', 'mission', 'turn', 'live', 'movement', 'please', 'submenu', 'spirit', 'wisconsin', 'exist', 'districts', 'students', 'box', 'pioneered', 'manager', 'affirmative', 'q', 'physical', 'contraindication', 'employee', 'healthy', 'two', 'ajax', 'name', 'disease', 'hospital', 'window', 'class', 'partners', 'clinic', 'workspace', 'like', 'us', 'pending', 'application', 'initiative', 'badgercare', '3', 'specialty', 'mychart', 'applies', 'county', 'value', 'employer', 'offices', 'number', 'exception', 'prevent', 'care', 'behavioral', 'corporation', 'get', 'commitment', 'documented', 'careers', 'company', 'leader', 'tty', 'non', 'setting', 'supplement', 'content', 'epiclink', 'benefits', 'action', 'human', 'adjust', 'js', 'loader', 'appointment', 'skills', 'cutter', 'required', 'boostrap', 'recognized', 'personnel', 'formulary', 'interest', 'law', 'wi', 'ol', 'display', 'request', 'john', 'placeholder', 'strong', 'federal', 'model', 'can', 'learn', 'fancy', 'scripts', 'following', 'quick', 'program', 'scw', 'will', 'isn', 'default', 'south', 'department', 'large', 'make', 'condition', 'temporary', 'impaired', 'well', 'laboratory', 'licensed', 'patents', 'dermatology', 'issue', 't', 'business', 'wrap', 'influencing', 'system', 'madison', 'see', 'report', 'pharmacy', 'grow', 'need', 'impeccable', 'accepted', 'job', 'select', 'log', 'owned', 'work', 'eye', 'records', 'case', 'google', 'reasonable', 'apply', 'href', 're', 'site.js', 'annual', 'administration', 'ancillary', 'eager', 'page', 'reserved', 'directories', 'phone', 'language', 'try', 'management', 'exceptional', 'respond', 'sign', 'primary', 'services', 'searching..', 'occupational', 'en', 'complementary', 'living', 'enabled', 'education', 'bodycontainer', 'made', 's', 'transparency', 'end', 'provider', 'hidden', 'health', 'government', 'plan', 'insurance', 'noscript', 'cookie', 'partner', 'words', 'believe', 'superb', 'dr', 'efforts', 'accommodation', 'influenza', 'equal', 'cooperative', 'employees', 'talents', 'employment', 'group', 'help', 'full', 'bill', 'wellness', 'culture', 'tag', 'fraud', 'forms', 'profit', 'kind', 'ondemand', 'serve', 'email', 'text', 'ghc', 'ghcmychart', 'epic', 'transition', 'unique', 'medicine', 'today', 'process', 'per', 'lgbtq', 'custom', 'service', 'privacy', 'pay', 'interns', 'rk', 'medical', 'understanding', 'selection', 'reimbursement', 'therapy', 'admin', 'hmo', 'factors', 'browser', 'vaccination', 'exemption', 'podiatry', 'assistance', 'running', 'publications', 'investments', 'seeking', 'site', 'days', 'diem', 'position', 'preventive', 'looks', 'first', 'eeo', 'ensure', 'clinical']"
5,SENIOR LABORATORY ASSISTANT (1ST SHIFT) - CONTRACT POSITION,PPD,"Middleton, WI",df2e53b26940de45,http://www.indeed.com/rc/clk?jk=df2e53b26940de45,[],"['end', 'tag', 'google', 'manager', 'loading..']"
6,Medical Lab Assistant,Fort HealthCare,"Fort Atkinson, WI 53538",8057d51e9eb0096e,http://www.indeed.com/rc/clk?jk=8057d51e9eb0096e,[],"['end', 'libs', 'ie', 'noscript', '3', 'script', 'tag', 'src', 'endif', 'shiv', 'respond.js', 'cdnjs.cloudflare.com', 'google', 'respond.min.js', 'manager', 'lt', 'ajax', 'html', 'shiv.min.js']"
7,Lab Assistant,UC San Diego,"San Diego, CA",757c9e65d15adfeb,http://www.indeed.com/rc/clk?jk=757c9e65d15adfeb,['python'],"['collecting', 'including', 'scripting', 'open', 'commensurate', 'endif', 'career', 'abilities', 'key', 'handle', 'european', 'bookmark', 'techniques', 'notebooks', 'systemwide', 'successful', 'please', 'staff', 'clinics', 'diego', 'diploma', 'genuine', 'physical', 'visual', 'recruitment', 'hipaa', 'economic', 'join', 'us', 'type', 'id', '3', 'start', 'frequently', 'care', 'annotating', 'must', 'top', 'skaggs', 'js', 'adapt', 'nondiscr.html', 'read', 'schools', 'experience', 'important', 'terms', 'www', 'tours', 'relevant', 'productive', 'laboratory', 'hr.ucsd.edu', 'filled', 'total', 'questions', 'getting', 'job', 'word', 'diversity', 'apply', 'column', 'laboratories', 'bash', 'center', 'document', 'compiling', 'religion', 'prior', 'criminal', 'clients', 'internal', 'check', 'cardiovascular', 'saved', 'searches', 'employment', 'bar', 'published', 'sciences', 'tx', 'communicate', 'feedback', 'tag', 'scientific', 'college', 'drug', 'areas', 'hospitals', 'sequencing', 'main', 'explore', 'processing', 'basic', 'research', 'needed', 'medical', 'molecular', 'free', 'regulation', 'assistance', 'site', 'days', 'biomedical', 'privacy', 'community', 'summaries', 'information', 'year', 'schoolofmedicinedefault', 'cancer', 'navigation', 'rehire', 'saa', 'receive', 'within', 'also', 'engineering', 'one', 'supervision', 'menu', 'dynamic', 'hillcrest', 'genetics', 'agreements', 'box', 'applications', 'affirmative', '33', 'discuss', 'decontamination', 'provide', 'events', 'flow', 'lab', 'neat', 'sulpizio', 'positions', 'general', 'eligible', 'years', 'environment', 'demonstrated', 'link', '3333', 'use', 'history', 'arts', 'resumes', 'literature', 'retargeter', 'friday', 'dna', 'content', 'ms', 'http', 'closing', 'links', 'gender', 'courses', 'trauma', 'next', 'browse', 'ie', 'listing', 'jupyter', 'extension', 'rady', 'procedures', 'learning', 'institution', 'writing', 'humanities', 'src', 'keep', 'familiarity', 'programming', 'california', 'work', 'mobilesearch', 'la', 'previous', 'outpatient', 'quality', 'last', 'page', 'now', 'tutorials', 'category', 'management', 'deadlines', 'shiley', 'education', 'search', 'ctl', 'trailer', 'r', 'uc', 'organized', 'wed', 'graduate', 'divisions', 'natural', 'patient', 'essential', 'identity', 'employees', 'graduation', 'university', 'full', 'begin', 'text', 'analysis', 'subject', 'medicine', 'proficiency', 'extended', 'qualified', 'statement', 'resume', 'received', 'designated', 'busy', 'immunology', 'running', 'development', 'similar', 'title', 'tobacco', 'script', 'biology', 'counselor', 'social', 'asked', 'stylesheet', 'status', 'persons', 'payroll', 'variety', 'matters', 'attire', 'include', 'opportunity', 'protection', 'effectively', 'contact', 'calculations', 'school', 'javascript', 'conditions', 'assist', 'new', 'facilities', 'schedule', 'knowledge', 'span', 'assistant', 'san', 'different', 'close', 'notebook', 'initial', 'survey', 'maps', 'monday', 'lt', 'preference', 'assisting', 'day', 'rna', 'jacobs', 'posting', 'percent', 'salary', 'project', 'proper', 'employer', '.css', 'skip', 'using', 'range', 'overview', 'datasets', 'duties', 'benefits', 'action', 'appointment', 'jobs', 'visit', 'personnel', 'interest', 'bootstrap', 'pagesearch', 'gdpr', 'marijuana', 'will', 'progress', 'department', 'invite', 'regard', 'orientation', 'security', 'pagenav', 'system', 'institute', 'date', 'disability', 'regulatory', 'hrs', 'current', 'accepted', 'race', 'eye', 'records', 'href', 'comprehensive', 'home', 'mobile', 'federally', 'integrity', 'dataset', 'tasks', 'applicants', 'left', 'sign', 'working', 'region', 'etc', 'global', 'background', 'smokefree.ucsd.edu', 'organize', 'period', 'division', 'contract', '.js', 'bookmarked', 'ast', 'upload', 'leading', 'smoke', 'selection', 'screening', 'desktop', 'rel', 'python', 'curating', 'software', 'color', 'mobilenav', 'highly', 'campus', 'computational', 'union', 'funded', 'strategy', 'principles', 'pm', 'template', 'oceanography', 'policy', 'harmonizing', 'origin', 'font', 'qc', 'resources', 'create', 'cleaning', 'academic', 'veteran', 'volunteer', 'employee', 'bulletin', 'layoff', 'two', 'modtime', 'national', 'high', 'accurate', 'particularly', 'css', 'clearly', 'protected', 'advisor', 'county', 'level', 'though', 'complete', 'modified', 'incumbent', 'filing', 'accommodate', 'setting', 'considered', 'qualifications', 'scripps', 'data', 'combination', 'summary', 'skills', 'edge', 'maintain', 'maintaining', 'sex', 'practices', 'learn', 'providing', 'large', 'organizational', 'info', 'special', 'description', 'remotely', 'comprehend', 'without', 'see', 'return', 'team', 'excel', 'standard', 'methods', 'reached', 'website', 'jolla', 'ability', 'house', 'preferred', 'pipelines', 'safety', 'may', 'however', 'profile', 'health', 'end', 'minimum', 'maintains', 'assigned', 'willingness', 'knowledges', 'equal', 'ucsd', 'support', 'languages', 'help', 'equivalent', 'updating', 'environments', 'deadline', 'materials', 'biological', 'worksite', 'calendar', 'performance', 'nondiscrimination', 'service', 'openings', 'several', 'consideration', 'infrastructure', 'understanding', 'accurately', 'burn', 'sexual', 'regents', 'area', 'age', 'computer', 'studio', 'enthusiasm', 'position']"
8,Quality Lab Assistant,Trivalence Technologies LLC,"Evansville, IN 47712",87560cbbb84e5e28,http://www.indeed.com/rc/clk?jk=87560cbbb84e5e28,[],"['color', 'hires', 'including', 'benefit', 'information', 'tuition', 'yes', 'expectations', 'ago', 'shift', 'cookies', 'testing', 'require', 'within', 'career', 'school', 'states', 'country', 'conditions', 'product', 'follow', 'schedule', 'create', 'employers', 'assistant', 'successful', 'companies', 'customer', 'details', 'save', 'directly', '33', '+', 'high', 'waiting', 'evansville', 'advanced', 'hiring', 'type', 'application', 'indeed', 'salary', 'trivalence.biz', 'events', 'flow', 'sell', '3', 'lab', 'employer', 'updates', 'time', 'number', 'density', 'salaries', 'technologies', 'eligible', 'skip', 'level', 'post', 'demonstrated', 'get', 'must', 'facebook', 'learner', 'company', 'role', 'history', 'personal', 'united', 'ash', 'content', 'accessibility', 'benefits', 'moisture', 'candidates', 'http', 'jobs', 'required', 'dental', 'llc', 'request', 'https', 'change', 'alternative', 'flammability', 'browse', 'terms', 'quick', 'dependability', 'will', 'various', 'certifications', 'impact', 'hard', 'laboratory', 'info', 'advice', 'description', 'remotely', 'countries', 'disability', 'report', 'trivalence', 'job', 'work', 'methods', 'thousands', 'find', 'apply', 'quality', 'home', 'website', 'plastic', 'paid', 'responsible', 'page', 'candidate', 'now', 'center', 'sign', 'working', 'may', 'melt', 'search', 's', 'health', 'insurance', 'graduate', 'reviews', 'matching', 'specifications', 'employees', 'help', 'entry', 'equivalent', 'www.facebook.com', 'full', 'period', 'materials', 'life', 'analysis', 'let', 'process', 'per', 'main', 'pay', 'upload', 'reporting', 'properties', 'remote', 'fits', 'vision', 'reimbursement', 'flex', 'screening', 'resume', 'approach', 'hour', 'days', 'position', 'k', 'ensure', 'privacy']"
9,GMP GLASSWARE LAB ASSISTANT - 6 MONTH CONTRACT,PPD,"Middleton, WI",418368a21892fb43,http://www.indeed.com/rc/clk?jk=418368a21892fb43,[],"['end', 'tag', 'google', 'manager', 'loading..']"
10,[Active] Lab Assistant,Apostle,"San Jose, CA 95129 (West San Jose area)",840493c3f542b10d,http://www.indeed.com/rc/clk?jk=840493c3f542b10d,"['pcr', 'purification']","['cfdna', 'procedural', 'minienrich', 'ngs', 'bachelor', 'appropriate', 'testing', 'career', 'deviate', 'states', 'wave', 'extraction', 'successful', 'chemistry', 'identifies', 'feel', 'join', 'us', 'type', 'nucleic', '3', 'location', 'energy', 'carboxyl', 'agents', 'performed', 'happen', 'experiments', 'top', 'bioinformatics', 'beckman', 'beads', 'validate', 'experience', 'operating', 'important', 'tasman', 'various', 'make', 'well', 'laboratory', 'framework', 'job', 'precautions', 'correctly', 'apply', 'products', 'covid', 'document', 'primary', 'prior', 's', 'tests', 'experimental', 'qa', 'assay', 'taken', 'dr', 'sciences', 'relating', 'communicate', 'scientific', 'maintenance', 'sequencing', 'grows', 'processing', 'reporting', 'research', 'molecular', 'innovative', 'startups', 'silicon', 'publications', 'startx', 'part', 'following', 'accessories', 'clinical', 'implement', 'triton', 'navigation', 'supervision', 'menu', 'patients', 'test', 'e', 'challenge', 'genetics', 'liquid', 'purification', 'embrace', 'adheres', 'appreciates', 'convert', 'lab', 'assurance', 'releasing', 'degree', 'time', 'established', 'general', 'technologies', '.navbar', 'good', 'environment', 'performs', 'metrics', 'stanford', 'parameters', 'types', 'dna', 'technology', 'advisory', 'located', 'looking', 'http', 'fast', 'blood', 'confirms', 'tm', 'done', 'acid', 'colleagues', 'procedures', 'send', 'pre', 'technical', 'expected', 'come', 'california', 'work', 'validates', 'correlation', 'quality', 'paid', 'reserved', 'accuracy', 'services', 'plans', 'techonology', 'thriving', 'provider', 'success', 'processes', 'full', 'university', 'entrepreneurial', 'life', 'manufacturing', 'abnormal', 'iso', 'adversely', 'certification', 'isolation', 'field', 'issues', 'ste', 'policies', 'development', 'coulter', 'title', 'first', 'partner', 'biology', 'online', 'america', 'results', 'way', 'apostle', 'qpcr', 'succeed', 'tel', 'include', 'opportunity', 'passion', 'contact', 'rights', 'startup', 'cfrna', 'specimen', 'assist', 'great', 'collapse', 'new', 'biopsy', 'assistant', 'san', 'calibrations', 'kit', 'rna', 'infectious', 'material', 'procedure', 'toggle', 'cutting', 'project', 'proper', 'willing', 'company', 'instrument', 'united', 'troubleshooting', 'duties', 'benefits', 'control', 'required', 'recognition', 'chemicals', 'library', 'will', 'science', 'hard', 'assessment', 'exciting', 'multi', 'system', 'passionate', 'candidate', 'biospace', 'achieve', 'working', 'contractor', 'rewarded', 'verifies', 'affect', 'board', 'become', 'sop', 'specifications', 'optimize', 'instruments', 'size', 'public', 'process', 'person', 'plates', 'selection', 'ca', 'perform', 'automation', 'tube', 'complex', 'www.apostlebio.com', 'improve', 'freedom', 'activities', 'systems', 'featured', 'hazardous', 'news', 'pcr', 'product', 'actions', 'order', 'qc', 'magtouch', 'member', 'resources', 'addresses', 'enthusiastic', 'employee', 'high', 'infection', 'acids', 'hr', 'necessary', 'contribute', 'level', 'inc', 'qualifications', 'handling', 'data', 'selected', 'north', 'apostlebio.com', 'viral', 'disciplinary', 'related', 'edge', 'preventative', 'prep', 'potential', 'responsibilities', 'based', 'heart', 'enjoy', 'description', 'compensation', 'others', 'return', 'automated', 'team', 'need', 'cv', 'analyzed', 'standard', 'corrective', 'potentially', 'website', 'watch', 'values', 'preferred', 'safety', 'may', 'bsl', 'health', 'given', 'clean', 'collection', 'understands', 'takes', 'support', 'goals', 'biological', 'universal', 'performance', 'jose', 'equipment', 'per', 'ipo', 'early', 'diagnostic', 'hour', 'minimax', 'position', 'documents', 'rt', 'valley', 'ensure']"
11,Lab Assistant,"WithHealth, Inc.",United States,a720f5d8782b971f,http://www.indeed.com/rc/clk?jk=a720f5d8782b971f,[],"['integrated', 'atlanta', 'including', 'swab', 'printers', 'information', 'lifestyle', 'provides', 'properly', 'facilitating', 'successfully', 'systems', 'valid', 'demands', 'supported', 'detail', 'laptops', 'affiliated', 'friendly', 'twin', 'include', 'moves', 'members', 'physicians', 'opportunity', 'policy', 'receive', 'testing', 'described', 'performing', 'orchestrate', 'javascript', 'abilities', 'female', 'specimen', 'key', 'assist', 'handle', 'regularly', 'order', 'genomic', 'member', 'representative', 'proud', 'knowledge', 'supplies', 'assistant', 'telemedicine', 'live', 'veteran', 'close', 'details', 'employee', 'manager', 'affirmative', 'physical', 'talk', 'functions', 'accessible', 'kit', 'feel', 'verbal', 'permits', 'healthcare', 'sites', 'operation', 'protected', 'necessary', 'license', 'frequently', 'helping', 'minority', 'lab', 'time', 'individuals', 'accommodations', 'general', 'finger', 'care', 'efficient', 'precision', 'inc', 'operations', 'smooth', 'daily', 'experiences', 'use', 'company', 'oriented', 'tulsa', 'must', 'corp', 'sit', 'personalized', 'enable', 'designee', 'focus', 'duties', 'data', 'action', 'technology', 'network', 'wearables', 'driver', 'adjust', 'receipt', 'looking', 'candidates', 'inspirational', 'skills', 'visit', 'actionable', 'required', 'jobs', 'requirements', 'specific', 'desire', 'instructions', 'maintain', 'personnel', 'hear', 'experience', 'withhealth', 'responsibilities', 'strong', 'workplace', 'vitro', 'based', 'strictest', 'excellent', 'limited', 'providing', 'specimens', 'digital', 'laboratory', 'description', 'professionalism', 'accession', 'specialties', 'hands', 'access', 'see', 'others', 'arms', 'team', 'ai', 'healthier', 'walk', 'electronic', 'job', 'docks', 'records', 'direction', 'clinical', 'ok', 'reasonable', 'pounds', 'apply', 'diversity', 'home', 'troubleshoot', 'ability', 'web', 'communication', 'may', 'met', 'etc', 'tracking', 'written', 'made', 'positively', 's', 'health', 'provider', 'end', 'tablets', 'confidentiality', 'office', 'tests', 'background', 'director', 'individual', 'assigned', 'stand', 'entire', 'patient', 'collection', 'gain', 'equal', 'optimize', 'essential', 'platform', 'proprietary', 'help', 'controls', 'reach', 'inventory', 'employment', 'ga', 'memorable', 'enjoys', 'attention', 'lifts', 'performance', 'workload', 'objects', 'hand', 'delivers', 'deliver', 'qualified', 'privacy', 'disable', 'pixel', 'medical', 'innovative', 'understanding', 'vision', 'across', 'browser', 'affordable', 'disabilities', 'diagnostic', 'practice', 'profiles', 'everyday', 'tools', 'site', 'acculatm', 'label', 'powered', 'preventive', 'perform', 'guidance', 'view']"
12,Lab Assistant and Production Technician,Ascend Pharma LLC,"Wheat Ridge, CO 80033",89e42de69af4ab25,http://www.indeed.com/rc/clk?jk=89e42de69af4ab25,[],"['benefit', 'raw', 'information', 'social', 'mask', 'shift', 'cookies', 'require', 'school', 'career', 'finished', 'states', 'ascend', 'country', 'conditions', 'product', 'assist', 'follow', 'schedule', 'create', 'employers', 'assistant', 'chemical', 'companies', 'considerations', 'save', 'directly', '33', 'high', 'waiting', 'advanced', 'hiring', 'type', 'application', 'indeed', 'events', 'necessary', 'sell', 'lab', 'wheat', 'employer', 'ridge', 'time', 'updates', 'salaries', 'skip', 'get', 'post', 'wear', 'must', 'company', 'oriented', 'personal', 'united', 'content', 'accessibility', 'benefits', 'candidates', 'jobs', 'technician', 'required', 'personnel', 'experience', 'llc', 'request', 'change', 'alternative', 'browse', 'terms', 'will', 'certifications', 'info', 'laboratory', 'advice', 'remotely', 'countries', 'report', 'job', 'work', 'methods', 'pharma', 'thousands', 'find', 'apply', 'home', 'responsible', 'now', 'distancing', 'preferred', 'center', 'covid', 'sign', 'may', 'precaution', 'education', 'search', 's', 'co', 'health', 'insurance', 'reviews', 'help', 'equivalent', 'period', 'full', 'detailed', 'materials', 'today', 'let', 'process', 'per', 'main', 'processing', 'pay', 'upload', 'respect', 'remote', 'screening', 'resume', 'production', 'approach', 'hour', 'interview', 'privacy']"
13,Lab Assistant,Citizens Memorial Healthcare,"Bolivar, MO 65613",2a7d66e15b7a6575,http://www.indeed.com/rc/clk?jk=2a7d66e15b7a6575,[],"['end', 'libs', 'ie', 'noscript', '3', 'script', 'tag', 'src', 'endif', 'shiv', 'respond.js', 'cdnjs.cloudflare.com', 'google', 'respond.min.js', 'manager', 'lt', 'ajax', 'html', 'shiv.min.js']"
14,Lab Assistant,LAbQ Diagnostics LLC,"Brooklyn, NY 11220 (Sunset Park area)",3439b4add029aced,http://www.indeed.com/rc/clk?jk=3439b4add029aced,[],"['results', 'fluid', 'record', 'information', 'year', 'properly', 'terminology', 'common', 'ago', 'shift', 'bodily', 'testing', 'night', 'cookies', 'performing', 'career', 'require', 'school', 'states', 'supervision', 'country', 'diagnosis', 'patients', 'follow', 'schedule', 'create', 'employers', 'assistant', 'supplies', 'companies', 'tissue', 'monday', 'save', 'directly', 'routine', '+', 'high', 'day', 'advanced', 'join', 'hiring', 'type', 'application', 'indeed', 'diseases', 'events', 'sell', '3', 'lab', 'employer', 'updates', 'time', 'salaries', 'skip', 'environment', 'get', 'post', 'must', 'weekends', 'company', 'personal', 'setting', 'friday', 'united', 'qualifications', 'content', 'accessibility', 'benefits', 'collect', 'candidates', 'skills', 'jobs', 'related', 'maintain', 'blood', 'experience', 'llc', 'request', 'responsibilities', 'strong', 'change', 'alternative', 'browse', 'terms', 'easy', 'will', 'samples', 'organizational', 'certifications', 'info', 'laboratory', 'advice', 'description', 'remotely', 'labq', 'countries', 'technologist', 'brooklyn', 'familiarity', 'team', 'report', 'fields', 'job', 'work', 'methods', 'thousands', 'find', 'previous', 'apply', 'home', 'responsible', 'now', 'preferred', 'center', 'reference', 'sign', 'education', 'search', 's', 'treatment', 'tests', 'clean', 'diagnostics', 'reviews', 'organize', 'help', 'equivalent', 'full', 'inventory', 'prevention', 'analysis', 'flexible', 'let', 'monitor', 'per', 'main', 'process', 'pay', 'upload', 'medical', 'prepare', 'screening', 'resume', 'ny', 'approach', 'aid', 'hour', 'seeking', 'days', 'privacy']"
15,Lab Assistant - 3rd Shift,NOAH Clinical Laboratory,"West Allis, WI 53214 (Greenfield Park area)",a022f401d156fca5,http://www.indeed.com/rc/clk?jk=a022f401d156fca5,[],"['benefit', 'transporting', 'information', 'year', 'terminology', 'answering', 'systems', 'include', 'ago', 'shift', 'cookies', 'night', 'require', 'school', 'career', 'states', 'sanitizing', 'country', 'test', 'patients', 'specimen', 'receiving', 'conditions', 'follow', 'initiate', 'allis', 'ordering', 'schedule', 'create', 'noah', 'employers', 'assistant', 'cleaning', 'companies', 'customer', 'save', 'directly', 'manner', 'high', 'functions', 'waiting', 'advanced', 'hiring', 'application', 'indeed', 'events', 'necessary', 'sell', '3', 'lab', 'employer', 'updates', '3rd', 'time', 'salaries', 'eligible', 'skip', 'get', 'post', 'performs', 'must', 'company', 'personal', 'enter', 'filing', 'united', 'types', 'content', 'handling', 'duties', 'data', 'accessibility', 'benefits', 'collect', 'summary', 'skills', 'jobs', 'candidates', 'required', 'dental', 'experience', 'wi', 'responsibilities', 'request', 'change', 'alternative', 'browse', 'additional', 'terms', 'limited', 'procedures', 'certifications', 'specimens', 'info', 'laboratory', 'advice', 'remotely', 'physician', 'place', 'countries', 'report', 'identifying', 'technical', 'registration', 'job', 'work', 'methods', 'urgently', 'thousands', 'find', 'clinical', 'apply', 'home', 'website', 'protective', 'paid', 'responsible', 'now', 'preferred', 'center', 'covid', 'accessioning', 'sign', 'may', 'precaution', 'education', 'disinfecting', 'search', 'prior', 's', 'part', 'health', 'maintains', 'office', 'noahclinicallaboratory.com', 'plan', 'insurance', 'organized', 'assigned', 'collection', 'reviews', 'matching', 'demographic', 'provided', 'employees', 'help', 'entry', 'equivalent', 'period', 'full', 'assists', 'safe', 'west', 'equipment', 'let', 'retirement', 'per', 'main', 'process', 'processing', 'service', 'pay', 'privacy', 'upload', 'needed', 'medical', 'phones', 'vision', 'screening', 'resume', 'area', 'computer', 'approach', 'hour', 'clerical', 'days', 'k', 'authorizations', 'following']"
16,Lab Assistant Non Licensed - Microbiology,Hoag Memorial Hospital Presbyterian,"Newport Beach, CA 92663",9c2adbc8f7e95e48,http://www.indeed.com/rc/clk?jk=9c2adbc8f7e95e48,[],"['card', 'adherence', 'including', 'less', 'ke', 'communications', 'terminology', 'connect', 'collects', 'secondary', 'appropriate', 'testing', 'described', 'limitation', 'giving', 'market', 'secure', 'follow', 'throughout', 'demonstrates', 'disclaimer', 'url', 'migrate.min.js', 'code.jquery.com', 'direct', 'prohibited', 'please', 'certain', 'customer', 'device', 'sterilizes', 'enforce', 'functions', 'referred', 'hipaa', 'join', 'develop', 'permitted', '3', 'start', 'updates', 'marketing', 'take', 'care', 'consultants', 'identify', 'personal', 'dc', 'response', 'navigational', 'acquires', 'evolve', 'advertising', 'legal', 'outside', 'js', 'collect', 'joint', 'ver', 'usage', 'read', 'specific', 'people', 'schools', 'merit', 'seek', 'https', '3a3', 'dotspy', 'inadvertently', 'make', 'specimens', 'specifying', 'well', 'media', 'filled', 'questions', 'report', 'checks', 'possible', 'resident', 'bfec', 'find', 'ladder', 'iconic', 'laboratories', 'sterile', 'admin.ajaxwatcher', 'us.html', 'ask', 'actively', 'center', 'toggler', 'consent', 'communication', 'documentation', 'alliance', 'format', 'present', 's', 'vendors', 'hts', 'clicked', 'disclosure', 'internal', 'check', 'error', 'whether', 'employment', 'tweenmax.min.js', '.png', 'feedback', 'tag', 'communicate', 'assignment', 'decline', 'maintenance', 'areas', 'give', 'explore', 'postal', 'internet', 'directed', 'reporting', 'medical', 'warrant', 'assistance', 'controlling', 'confirm', 'problems', 'days', 'geographic', 'improvement', 'site', 'following', 'community', 'signup', 'mailing', 'information', 'g', 'personally', 'pqsxyaf', 'instrumentation', 'promotions', 'according', 'pzjsxhpf', 'continuing', 'receive', 'engineering', 'also', 'remove', 'delete', 'newsletter', 'test', 'illegal', 'update', 'major', 'regularly', 'genetic', 'xf', 'advertisers', 'webpages', 'rsd', 'wordfence', 'companies', 'box', 'signing', 'alt', 'fn', 'threats', 'like', 'line', 'xml', 'events', 'jquery', 'provide', 'sites', 'shots', 'mechanics', 'cfcxyllq', 'updated', 'time', 'presented', 'general', 'st', 'operations', 'uses', 'careers', 'use', 'history', 'membership', 'cdn3.iconfinder.com', 'departmental', 'consumers', 'technology', 'network', 'icon', 'websites', 'technician', 'instructions', 'gender', 'law', 'navigate', 'users', 'decide', 'nurses', 'dedicated', 'satellitelib', 'procedures', 'send', 'guarantee', 'technical', 'solutions', 'work', 'strive', 'p.o', 'quality', 'treats', 'involving', 'publicly', 'responsible', 'page', 'accuracy', 'respond', 'gsap', 'agreeing', 'notice', 'registry', 'patient', 'completing', 'employees', 'plo', 'distributes', 'entry', 'competence', 'culture', 'tkzbtzdnaor', 'won', 'serve', 'interpersonal', 'text', 'ad', 'affiliation', 'labels', 'processors', 'descriptor', 'similar', 'tags', 'ns', 'proof', 'guidance', 'title', 'first', 'partner', 'script', 'portion', 'discriminate', 'protecting', 'treat', 'defend', 'parent', 'microbiology', 'clicking', 'tracking.js', 'professional', 'status', 'variety', 'awards', 'nursing', 'include', 'opportunity', 'rely', 'every', 'effect', 'universally', 'rights', 'performing', 'school', 'rehabilitate', 'specimen', 'offline', 'collapse', 'new', 'facilities', 'package', 'offers', 'staging.js', 'span', 'assistant', 'measures', 'inferences', 'pregnancy', 'close', 'remarketing', 'survey', 'preference', 'cleans', 'manner', 'extent', 'material', 'registering', 'administering', 'preserves', 'unable', 'employer', 'factor', 'desk', 'gifs', 'ml', 'contained', 'contacting', 'settings', 'recognizes', 'hwq', 'alerts', 'duties', 'benefits', 'action', 'fonts', 'exploring', 'inter', 'visit', 'icons', 'personnel', 'purposes', 'interest', 'request', 'derived', 'professionals', 'version', 'progress', 'giveaway', 'wlwmanifest.xml', 'charge', 'orientation', 'place', 'institute', 'collectively', 'orders', 'disability', 'valuing', 'current', 'centered', 'race', 'records', 'xml+oembed', 'deleted', 'href', 'hoag', 'transmit', 'angeles', 'identified', 'working', 'acquire', 'call', 'cairhelpdesk', 'want', 'verification', 'therein', 'requested', 'ijy3ywj', 'third', 'family', 'nzc', 'provided', 'governs', 'enforcement', 'instruments', 'attention', 'military', 'click', 'difference', 'connected', 'birth', 'process', 'person', 'tracked', 'activity', 'track', 'add', 'leading', 'example', 'base', 'promotional', 'interaction', 'visits', 'diem', 'memorial', 'back', 'software', 'color', 'tools.google.com', 'calling', 'address', 'uzhojp', 'acts', 'otherwise', 'activities', 'systems', 'hoag.org', 'assets.adobedtm.com', 'policy', 'regarding', 'accordance', 'billing', 'merger', 'featured', 'unlawfully', 'origin', 'news', 'font', 'transports', 'ordering', 'member', 'resources', 'qc', 'determine', 'delivery', 'aggregated', 'telephone', 'stores', 'nd', 'apps', 'immediately', 'height', 'got', 'orange', 'national', 'high', 'partners', 'class', 'families', 'beach', 'ikwlzy', 'healthcare', 'transmissions', 'collaboratively', 'primarily', 'county', 'caring', 'inc', 'know', 'non', 'combined', 'changes', 'even', 'data', 'irvine', 'related', 'disposes', 'parental', 'c', 'sex', 'successor', 'mechanisms', 'change', 'stay', 'practices', 'immunizations', 'can', 'expiration', 'ge', 'based', 'program', 'limited', 'visiting', 'beacons', 'samples', 'organizational', 'tgvgtxoxphdpjrisnra', 'racrrfv', 'special', 'ads', 'gaoptout', 'contracting', 'changing', 'defined', 'processed', 'campaigns', 'property', 'return', 'residency', 'need', 'registration', 'preparation', 'standard', 'da', 'los', 'relationship', 'party', 'indicate', 'activates', 'house', 'immunization', 'web', 'effectiveness', 'immediate', 'filling', 'reject', 'scope', 'better', 'interactions', 'contests', 'body', 'may', 'however', 'fontello', 'containers', 'o', 'providers', 'end', 'mail', 'design', 'f', 'sweepstakes', 'assigned', 'reagents', 'expertise', 'oembed', 'collection', 'self', 'aspects', 'takes', 'equal', 'help', 'preparing', 'px', 'materials', 'industry', 'urgent', 'completely', 'giveaways', 'performance', 'hand', 'per', 'service', 'accept', 'respect', 'understanding', 'store', 'accurately', 'sexual', 'disclosures', 'intercept', 'requests', 'age', 'computer', 'method', 'json+oembed', 'documents', 'ensure', 'comments', 'ejecoj', 'rsd+xml', 'properly', 'physicians', 'states', 'shipping', 'country', 'd', 'representative', 'wp', 'mlt', 'english', 'relate', 'name', 'cdn.jsdelivr.net', 'identifies', 'purchases', 'effective', 'us', 'type', 'id', 'popper.min.js', 'js.cookie.min.js', 'sell', 'location', 'thereon', 'guaranteed', 'agents', 'behavioral', 'downloading', 'tb', 'agencies', 'endeavors', 'requirements', 'experience', 'operating', 'aci', 'herein', 'choice', 'continuously', 'future', 'terms', 'together', 'behalf', 'describes', 'concerns', 'technological', 'json', 'prepares', 'surveys', 'means', 'laboratory', 'xmz', 'business', 'courtesy', 'note', 'exercise', 'bootstrap.min.js', 'www.aboutads.info', 'purchase', 'reverence', 'job', 'precautions', 'direction', 'via', 'google', 'reasonable', 'apply', 'wlwmanifest', 'cair', 're', 'emailing', 'api.w.org', 'receives', 'products', 'olvu', 'claims', 'includes', 'joesph', 'religion', 'tuberculosis', 'prior', 'platforms', 'greatness', 'government', 'tests', 'collected', 'wait..', 'taken', 'advancement', 'entire', 'dlpage', 'de', 'transmission', 'monitoring', 'group', 'relating', 'forms', 'identifiable', 'preferences', 'engage', 'operational', 'fj', 'sources', 'processing', 'shown', 'needed', 'browser', 'oly', 'upcoming', 'compassion', 'themes', 'transfer', 'interview', 'clinical', 'privacy', 'cairweb.org', 'titles', 'transacting', 'protect', 'year', 'available', 'parties', 'misuse', 'cookies', 'www.hoag.org', 'within', 'one', 'fax', 'supervision', 'menu', 'patients', 'classes', 'e', 'venture', 'contaminated', 'analyze', 'connecting', 'manager', 'applications', '33', 'ajax', 'allied', 'hiring', 'city', 'initiative', 'offerings', 'lab', 'submit', 'established', 'comply', 'except', 'technologies', 'scientist', 'link', 'performs', 'placed', 'content', 'customize', 'piece', 'intra', 'links', 'right', 'gryvwvah', 'enhance', 'debit', 'omissions', 'features', 'embed', 'src', 'thirty', 'keep', 'alter', 'administer', 'california', 'sx', 'fnursing', 'opnrjcyucjz', 'last', 'participate', 'www.google.com', 'now', 'striving', 'language', 'orthopedic', 'designed', 'services', 'en', 'education', 'making', 'search', 'made', 'r', 'confidentiality', 'graduate', 'upon', 'essential', 'allow', 'confidential', 'identity', 'processes', 'operated', 'agree', 'life', 'clear', 'assists', 'twitter', 'emails', 'email', 'img', '3d3fe', 'analysis', 'medicine', 'personalinformation', 'cdph.ca.gov', 'opt', 'indicated', 'event', 'across', 'resolve', 'policies', 'experienced', 'manage', 'prize', 'operates', 'share', 'eeo', 'evaluation', 'xmlrpc.php', 'online', 'used', 'results', 'social', 'stylesheet', 'fcareers.hoag.org', 'subscribe', 'removed', 'contact', 'segment', 'javascript', 'conditions', 'newport', 'neither', 'knowledge', 'choose', 'different', 'visited', 'rc', 'strict', 'establish', 'roboto', 'credit', 'programs', 'hospital', 'a3jiqqxg', 'posting', 'accounts', 'application', 'linkedin', 'improving', 'still', 'user', 'grad', 'proper', 'privacy.html', 'unless', 'form', 'obtained', 'skip', 'get', 'using', 'affiliates', 'reminders', 'float', 'xcqzysjnsptmqq', 'united', 'timestamps', 'enable', 'employ', 'targeted', 'interests', 'remind', 'receipt', 'appointment', 'jobs', 'control', 'required', 'display', 'bootstrap', 'utm', 'impression', 'passwords', 'choices', 'database', 'will', 'times', 'department', 'science', 'corrections', 'basis', 'regard', 'purpose', 'innovating', 'prompt', 'security', 'system', 'alternate', 'date', 'activated', 'pharmacy', 'regulatory', 'cdnjs.cloudflare.com', 'electronic', 'demographics', '.min.js', 'political', 'home', 'alert', 'communicates', 'integrity', 'phone', 'risk', 'tasks', 'applicants', 'urine', 'carry', 'revised', 'sending', 'browsing', 'monitored', 'emergency', 'noscript', 'connection', 'combine', 'plugins', 'optimize', 'sale', 'disposition', 'dates', '.js', 'exposed', 'careers.hoag.org', 'added', 'laws', 'child', 'reputable', 'policy.aspx', 'screening', 'advertisements', 'profiles', 'regular', 'ca', 'fonts.googleapis.com', 'payment', 'applicable', 'rel', 'chvgrxlllvm', 'private', 'perform', 'view', 'libs', 'facilitate', 'installing', 'children', 'cls', 'sig', 'improve', 'edituri', 'sharing', 'organization', '3a', 'csj', 'aabjrrou', 'participation', 'shift', 'swap', 'product', 'attend', 'order', 'create', 'supplies', 'shared', 'utilized', '.3', 'wlwmanifest+xml', 'residents', 'employee', 'jquery.js', 'hl', 'transactions', 'participates', 'npm', 'rent', 'financial', 'controlled', 'infection', 'nearest', 'css', 'coming', 'expressly', 'drive', 'section', 'bc', 'foregoing', 'number', 'guardian', 'develops', 'best', 'statewide', 'db', 'committed', 'rnfvkqt', 'selected', 'z', 'training', 'skills', 'needs', 'marital', 'locations', 'maintain', 'comment', 'kilqcy', 'maintaining', 'diagnose', 'list', 'entering', 'august', 'account', 'x', 'providing', 'licensed', 'digital', 'entrepreneurs', 'lf', 'l3tpxutea', 'without', 'access', 'see', 'others', 'hosted', 'team', 'disclosed', 'pixels', 'instance', 'website', 'analytics', 'ability', 'anonymous', 'sd', 'retaliation', 'safety', 'loss', 'entitled', 'tracking', 'profile', 'health', 'reorganization', 'maintains', 'mechanism', 'presbyterian', 'contest', 'cookie', 'believe', 'appropriately', 'support', 'ip', 'customers', 'fraud', 'tcg', 'past', 'emergencies', 'equipment', 'custom', 'deliver', 'able', 'gghdx', 'disabled', 'stored', 'opportunities', 'keyword', 'unauthorized', 'hour', 'equivalence', 'ages']"
17,Lab Assistant III,UCLA,"Los Angeles, CA 90095 (Westwood area)",0f613bb4cc4ef27c,http://www.indeed.com/rc/clk?jk=0f613bb4cc4ef27c,[],"['please', 'loaded', 'loading', 'ok', 'content', 'wait', 'page']"
18,Lab Assistant,"GS Labs, LLC","Davenport, IA 52807",629bb11e7c1d071d,http://www.indeed.com/rc/clk?jk=629bb11e7c1d071d,[],"['scheduled', 'navbar', 'write', 'community', 'address', 'load', 'title', 'results', 'conclude', 'record', 'protect', 'information', 'year', 'way', 'properly', 'manual', 'open', 'clicking', 'professional', 'shield', 'pm', 'activities', 'mask', 'target', 'organization', 'detail', 'redirect', 'judgement', 'opportunity', 'members', 'ensure', 'effectively', 'shift', 'testing', 'fixed', 'hcareers', 'school', 'concise', 'one', 'dexterity', 'go', 'javascript', 'test', 'follow', 'prod.s3.amazonaws.com', 'url', 'd', 'collapse', 'container', 'new', 'sightlinehospitality.com', 'extraction', 'periods', 'successful', 'fashion', 'assistant', 'guidelines', 'run', 'elmore', 'rapid', 'close', 'customer', 'immediately', 'diploma', 'physical', 'routine', 'high', 'rest', 'gs', 'alt', 'accurate', 'class', 'feel', 'result', 'paced', 'join', 'delay', 'core', 'id', 'application', 'provide', 'sites', 'minutes', 'sm', '3', 'location', 'start', 'section', 'lab', 'proper', 'submit', 'time', 'take', '.nav', 'show', 'form', 'number', 'contribute', 'images', 'sampling', 'willing', 'environment', 'logo', 'good', 'complete', 'meaningful', 'reliable', 'daily', 'must', 'link', 'specified', 'placed', 'careers', 'company', 'oriented', 'prepared', 'enter', 'incumbent', 'overview', 'content', 'earning', 'duties', 'data', 'action', 'button', 'timeframe', 'looking', 'summary', 'biohazardous', 'assistants', 'fast', 'skills', 'required', 'candidates', 'read', 'closing', 'people', 'maintain', 'faster', 'right', 'requires', 'experience', 'llc', 'display', 'responsibilities', 'literacy', 'strong', 'bootstrap', 'https', 'nocache', 'list', 'divider', 'away', 'arrive', 'additional', 'brand', 'might', 'least', 'will', 'isn', 'labs', 'precise', 'samples', 'procedures', 'specimens', 'gloves', 'pandemic', 'well', 'laboratory', 'description', 'hygiene', 't', 'place', 'image', 'multi', 'ia', 'src', 'without', 'smock', 'others', 'team', 'pages', 'need', 'wearing', 'expected', 'job', 'davenport', 'timely', 'work', 'deviation', 'direction', 'highlight', 'apply', 'href', 'responding', 'mobile', 'ability', 'page', 'responsible', 'candidate', 'preferred', 'accuracy', 'covid', 'ave', 'tasks', 'wage', 'safety', 'contacted', 'carry', 'document', 'may', 'call', 'education', 'want', 'written', 'called', 'cooperation', 'prior', 'end', 'adhere', 'hidden', 'task', 'health', 'f', 'xs', 'organized', 'row', 'footer', 'assigned', 'clean', 'stand', 'header', 'analytical', 'null', 'provided', 'face', '.png', 'listen', 'communicate', 'produce', 'attention', 'begin', 'introduction', 'ged', 'safe', 'img', 'completely', 'lg', 'paycor', 'process', 'main', 'qualified', 'extended', 'able', 'analyzing', 'openings', 'mobility', 'possess', 'prepare', 'final', 'col', 'accurately', 'administrative', 'computer', 'policies', 'b', 'verbally', 'ppe', 'recording', 'position', 'back', 'part', 'measuring']"
19,Lab Assistant,PlasmaNano,"San Diego, CA 92121 (Sorrento Valley area)",b9e3376afa0f0ea8,http://www.indeed.com/rc/clk?jk=b9e3376afa0f0ea8,"['spectroscopy', 'chromatography']","['radical', 'nano', 'spectroscopy', 'plasmanano', 'components', 'including', 'strategy', 'plasma', 'record', 'hours', 'diversify', 'light', 'available', 'parties', 'scale', 'bio', 'activities', 'block', 'local', 'detail', 'opportunity', 'focused', 'molar', 'copyright', 'fees', 'contact', 'nanomedicine', '.div', 'rights', 'career', 'engineering', 'also', 'polymers', 'physics', 'one', 'biochemistry', 'performing', 'opening', 'conditions', 'scattering', 'doctoral', 'follow', 'reactor', 'assist', 'd', 'techniques', 'new', 'polymer', 'firm', 'delivery', 'solution', 'knowledge', 'mission', 'depth', 'week', 'assistant', 'please', 'san', 'academic', 'polymerization', 'functional', 'chemical', 'companies', 'students', 'diego', 'faq', 'protocols', 'applications', 'partnerships', 'chromatography', 'independently', '+', 'ionic', 'biodegradable', 'programs', 'chemistry', 'composition', 'material', 'posting', 'intern', 'us', 'forward', 'application', 'emulsion', 'plasmanano.com', 'hr', 'agency', 'energy', 'consulting', 'lab', 'time', 'degree', 'technologies', 'biotech', 'years', 'environment', 'scientist', 'post', 'using', 'supporting', 'must', 'industrial', 'careers', 'suspension', 'use', 'company', 'resumes', 'experiments', 'corp', 'strategic', 'problem', 'overview', 'setting', 'gc', 'consider', 'qualifications', 'quantitative', 'ms', 'data', 'plus', 'technology', 'b.a', 'micro', 'training', 'candidates', 'disciplinary', 'vicinity', 'related', 'required', 'skills', 'ring', 'films', 'mass', 'experience', 'approximately', 'strong', 'lead', 'terms', 'polyelectrolytes', 'prioritize', 'motivated', 'devices', 'biocompatible', 'relevant', 'viscometry', 'brief', 'objectives', 'will', 'banner', 'lc', 'broad', 'relocation', 'starter', 'science', 'position', 'well', 'master', 'valuable', 'compensation', 'biomaterials', 'business', 'wrap', 'note', 'multi', 'goal', 'security', 'determination', 'hands', 'team', 'excel', 'cv', 'california', 'teamwork', 'solutions', 'work', 'unsolicited', 'scientists', 'structures', 'home', 'purity', 'ability', 'hydrogels', 'icp', 'responsible', 'reserved', 'values', 'structure', 'jv', 'preferred', 'mutually', 'emerging', 'achieve', 'applicants', 'disciplines', 'working', 'services', 'comfortable', 'characterization', 'dynamics', 'melt', 'creativity', 's', 'r', 'end', 'copolymers', 'individual', 'footer', 'markets', 'header', 'third', 'efforts', 'oes', 'self', 'exclusion', 'thin', 'sciences', 'employment', 'group', 'entry', 'processes', 'full', 'synthesis', 'detailed', 'junior', 'materials', 'crosscuts', 'condensation', 'nmr', 'size', 'senior', 'attention', 'interested', 'maintenance', 'introduction', 'applied', 'drug', 'areas', 'analysis', 'subject', 'proven', 'person', 'main', 'aimed', 'comprised', 'competitive', 'b.s', 'leading', 'basic', 'innovation', 'research', 'field', 'dilute', 'understanding', 'across', 'acceptable', 'solving', 'collaborative', 'resume', 'opportunities', 'free', 'area', '.header', 'assembled', 'development', 'seeking', 'ph.d', 'dsc', 'particles', 'biomedical', 'part', 'months', 'biology', 'privacy']"
20,Lab Assistant - Per Diem,"WithHealth, Inc.",United States,0c4141a45df8d8a2,http://www.indeed.com/rc/clk?jk=0c4141a45df8d8a2,[],"['integrated', 'including', 'swab', 'printers', 'information', 'lifestyle', 'provides', 'properly', 'facilitating', 'successfully', 'systems', 'valid', 'demands', 'supported', 'detail', 'laptops', 'affiliated', 'friendly', 'twin', 'include', 'moves', 'members', 'physicians', 'opportunity', 'policy', 'receive', 'testing', 'described', 'performing', 'orchestrate', 'javascript', 'abilities', 'female', 'specimen', 'key', 'assist', 'handle', 'regularly', 'order', 'genomic', 'member', 'representative', 'proud', 'knowledge', 'supplies', 'assistant', 'telemedicine', 'live', 'veteran', 'close', 'details', 'employee', 'sterling', 'manager', 'affirmative', 'physical', 'talk', 'functions', 'accessible', 'kit', 'feel', 'verbal', 'permits', 'healthcare', 'sites', 'operation', 'protected', 'necessary', 'license', 'frequently', 'helping', 'minority', 'lab', 'time', 'individuals', 'accommodations', 'general', 'finger', 'care', 'efficient', 'precision', 'inc', 'operations', 'smooth', 'daily', 'experiences', 'use', 'company', 'oriented', 'must', 'corp', 'sit', 'personalized', 'enable', 'designee', 'focus', 'duties', 'data', 'action', 'technology', 'network', 'wearables', 'driver', 'adjust', 'receipt', 'looking', 'candidates', 'inspirational', 'skills', 'visit', 'actionable', 'required', 'jobs', 'requirements', 'specific', 'desire', 'instructions', 'maintain', 'personnel', 'hear', 'experience', 'withhealth', 'responsibilities', 'strong', 'workplace', 'vitro', 'based', 'strictest', 'excellent', 'limited', 'providing', 'va', 'specimens', 'digital', 'laboratory', 'description', 'professionalism', 'accession', 'specialties', 'hands', 'access', 'see', 'others', 'arms', 'team', 'ai', 'healthier', 'walk', 'electronic', 'job', 'docks', 'records', 'direction', 'clinical', 'reasonable', 'pounds', 'diversity', 'apply', 'home', 'troubleshoot', 'ability', 'preventive', 'web', 'communication', 'may', 'met', 'etc', 'tracking', 'written', 'made', 'positively', 's', 'health', 'provider', 'end', 'tablets', 'confidentiality', 'office', 'tests', 'background', 'director', 'individual', 'assigned', 'stand', 'entire', 'patient', 'collection', 'gain', 'equal', 'optimize', 'essential', 'platform', 'proprietary', 'help', 'controls', 'reach', 'inventory', 'employment', 'memorable', 'enjoys', 'attention', 'lifts', 'performance', 'workload', 'objects', 'hand', 'per', 'delivers', 'deliver', 'qualified', 'privacy', 'disable', 'pixel', 'medical', 'innovative', 'understanding', 'vision', 'across', 'browser', 'affordable', 'disabilities', 'diagnostic', 'practice', 'profiles', 'everyday', 'tools', 'site', 'diem', 'label', 'powered', 'acculatm', 'perform', 'guidance', 'view']"
21,Lab Assistant/ Lab Aide,AYUMETRIX LLC,"Lake Oswego, OR 97035",8ecfb6c9918506fe,http://www.indeed.com/rc/clk?jk=8ecfb6c9918506fe,[],"['term', 'complex', 'including', 'results', 'available', 'conduct', 'activities', 'presentations', 'novel', 'backgrounds', 'supported', 'variety', 'blog', 'bachelor', 'organizing', 'contact', 'cookies', 'within', 'biochemistry', 'career', 'also', 'positive', 'hazardous', 'supervision', 'abilities', 'test', 'dynamic', 'product', 'oswego', 'receiving', 'assist', 'doctoral', 'javascript', 'supervisor', 'new', 'techniques', 'resources', 'knowledge', 'supplies', 'assistant', 'please', 'statistical', 'customer', 'dried', 'faq', 'phd', 'manager', 'independently', 'enforce', 'analyzers', 'summarize', 'chemistry', 'paced', 'assess', 'verbal', 'like', 'us', 'type', 'salary', 'indeed', 'operation', 'start', 'waste', 'aide', 'lab', 'proper', 'updates', 'technicians', 'time', 'individuals', 'positions', 'technologies', 'environment', 'good', 'level', 'post', 'using', 'daily', 'must', 'know', 'company', 'experiments', 'literature', 'mathematical', 'enable', 'duties', 'data', 'doctors', 'plus', 'interact', 'adjust', 'looking', 'candidates', 'skills', 'related', 'fast', 'visit', 'required', 'acquiring', 'maintain', 'blood', 'gathering', 'attitude', 'experience', 'llc', 'responsibilities', 'strong', 'creative', 'important', 'immunoassay', 'future', 'chemicals', 'can', 'terms', 'excellent', 'server', 'lake', 'will', 'spectrometers', 'position', 'progress', 'samples', 'procedures', 'learning', 'make', 'enjoy', 'laboratory', 'observations', 'writing', 'manuscripts', 'note', 'without', 'www.ayumetrix.com', 'switch', 'stocks', 'fellows', 'calibrate', 'need', 'long', 'team', 'timely', 'job', 'preparation', 'work', 'records', 'mode', 'scientists', 'biotechnology', 'apply', 'easily', 'website', 'loading..', 'troubleshoot', 'assure', 'ability', 'now', 'web', 'preferred', 'try', 'products', 'reports', 'communication', 'body', 'carry', 'working', 'education', 'written', 's', 'operate', 'design', 'browsing', 'plan', 'experimental', 'disposal', 'reagents', 'achievement', 'error', 'collection', 'family', 'sorry', 'multiple', 'essential', 'support', 'goals', 'searches', 'help', 'entry', 'sciences', 'preparing', 'equivalent', 'full', 'communicate', 'biological', 'instruments', 'scientific', 'analysis', 'challenging', 'equipment', 'ayumetrix', 'monitor', 'able', 'growth', 'service', 'associates', 'later', 'research', 'ideal', 'prepare', 'browser', 'opportunities', 'resolve', 'diagnostic', 'fluids', 'computer', 'interpreting', 'development', 'hour', 'problems', 'adequate', 'private', 'perform', 'looks', 'part', 'biology', 'privacy']"
22,Lab Assistant,"Ion Diagnostics, LLC","Kentwood, MI 49508",be82a2e79b9411b3,http://www.indeed.com/rc/clk?jk=be82a2e79b9411b3,[],"['complex', 'benefit', 'results', 'pertinent', 'information', 'autonomous', 'year', 'social', 'incomplete', 'turnaround', 'detail', 'spontaneous', 'ago', 'receive', 'shift', 'billing', 'testing', 'night', 'appropriate', 'school', 'require', 'career', 'cookies', 'states', 'fax', 'sanitizing', 'country', 'test', 'patients', 'little', 'conditions', 'assist', 'follow', 'stock', 'files', 'order', 'bigger', 'ordering', 'schedule', 'create', 'employers', 'assistant', 'supplies', 'guidelines', 'cleaning', 'temperature', 'chemical', 'companies', 'statistical', 'details', 'employee', 'monday', 'considerations', 'save', 'directly', 'functions', 'high', 'waiting', 'day', 'programs', 'delays', 'advanced', 'lis', 'hiring', 'type', 'application', 'indeed', 'healthcare', 'provide', 'events', 'sell', 'supplemental', 'lab', 'employer', 'updates', 'time', 'salaries', 'eligible', 'skip', 'mi', 'post', 'efficiency', 'reliable', 'must', 'get', 'weekends', 'company', 'oriented', 'personal', 'filing', 'friday', 'united', 'qualifications', 'focus', 'pathologists', 'content', 'differential', 'duties', 'data', 'distribution', 'review', 'benefits', 'weekly', 'accessibility', 'interact', 'outside', 'logs', 'candidates', 'jobs', 'control', 'related', 'required', 'dental', 'personnel', 'maintain', 'retrieve', 'experience', 'llc', 'request', 'responsibilities', 'levels', 'maintaining', 'inquiries', 'optimum', 'change', 'chart', 'dependable', 'alternative', 'browse', 'terms', 'various', 'department', 'procedures', 'certifications', 'specimens', 'info', 'rotate', 'laboratory', 'advice', 'description', 'regard', 'place', 'system', 'countries', 'report', 'independent', 'registration', 'job', 'virtual', 'work', 'records', 'demographics', 'workflow', 'rather', 'direction', 'methods', 'clinical', 'thousands', 'find', 'apply', 'quality', 'home', 'protective', 'paid', 'responsible', 'communicates', 'now', 'screenings', 'phone', 'preferred', 'distancing', 'center', 'covid', 'reports', 'accessioning', 'sign', 'working', 'services', 'etc', 'may', 'precaution', 'education', 'disinfecting', 'search', 'ion', 'principle', 'slides', 's', 'operate', 'health', 'mail', 'reasons', 'insurance', 'diagnostics', 'kentwood', 'patient', 'reviews', 'organize', 'someone', 'provided', 'employees', 'help', 'equivalent', 'entry', 'period', 'full', 'inventory', 'communicate', 'enjoys', 'picture', 'requisitions', 'maintenance', 'meetings', 'equipment', 'let', 'process', 'per', 'main', 'evening', 'processing', 'clarification', 'pay', 'upload', 'evaluate', 'ideal', 'needed', 'molecular', 'remote', 'vision', 'screening', 'resume', 'mailroom', 'holidays', 'received', 'requests', 'computer', 'approach', 'clerical', 'hour', 'correct', 'problems', 'days', 'interview', 'privacy']"
23,Lab Assistant,Merieux NutriSciences,"Allentown, PA",8510f8064008d4f7,http://www.indeed.com/rc/clk?jk=8510f8064008d4f7,[],[]
24,LAB ASSISTANT - MUHLENBERG HEALTHPLEX,Owensboro Health,"Powderly, KY",1f27d6983760c1f2,http://www.indeed.com/rc/clk?jk=1f27d6983760c1f2,[],"['crouching', 'including', 'fluid', 'physicians', 'far', 'coworkers', 'members', 'appropriate', 'described', 'testing', 'attributes', 'visibility', 'registrations', 'career', 'sitting', 'follow', 'disclaimer', 'stock', 'healthplex', 'hire', 'depth', 'mission', 'customer', 'diploma', 'save', 'physical', 'functions', 'recruitment', 'awareness', 'kneeling', 'join', 'us', '.job', 'core', 'id', 'location', '3', 'frequently', 'value', 'talking', 'take', 'care', 'daily', 'must', 'trust', 'iframe', 'top', 'legal', '.jobs', 'experience', 'creative', 'future', 'leg', 'terms', 'together', 'relevant', 'specimens', 'laboratory', 'media', 't', 'image', 'technologist', 'minimal', 'judgment', 'job', 'waived', 'perception', 'continually', 'via', 'google', 'apply', 'vars', 'exceptional', 'consent', '.container', 's', 'government', 'seriously', 'owensboro', 'headlines', 'saved', 'reach', 'group', 'bar', 'tag', 'decline', 'equivalency', 'student', 'safe', 'walking', 'processing', 'basic', 'needed', 'medical', 'hero', 'vision', 'free', '.content', 'rarely', 'wrapper', 'fit', 'site', 'req', 'privacy', 'talent', 'sonographer', 'powderly', 'community', 'information', 'prev', 'login', 'answering', 'according', 'oh', 'cookies', 'one', 'supervision', 'therapeutic', 'test', 'patients', 'respiratory', 'manager', 'jessie', '33', 'standing', 'provide', 'events', 'near', 'lab', 'show', 'general', 'environment', 'foster', 'performs', 'careers', 'use', 'movements', 'focus', 'logic', 'content', 'decisive', 'network', 'groups', 'style', 'foot', 'technician', 'links', 'right', 'true', 'referrals', 'confirms', 'next', 'muhlenberg', 'anticipating', 'procedures', 'volunteers', 'ideas', 'src', 'youtube', 'seeing', 'technical', 'teamwork', 'solutions', 'work', 'previous', 'quality', 'standards', 'venipuncture', 'owensborohealth.org', 'page', 'now', 'striving', 'reserved', 'critical', 'services', 'authorization', 'search', 'functionality', 'fellowship', 'plan', 'insurance', 'organized', 'upon', 'patient', 'allow', 'thoughtfully', 'entry', 'prn', 'produce', 'assists', 'twitter', 'begin', 'works', 'email', 'lift', 'opt', 'innovation', 'certification', 'supply', 'sidebar', 'seo', 'running', 'title', 'share', 'accomplishments', 'used', 'results', 'hours', 'transporting', 'social', 'everything', 'opportunity', 'copyright', 'every', 'contact', 'rights', 'school', 'conditions', 'specimen', 'assist', 'gtm', 'knowledge', 'pushing', 'assistant', 'close', 'details', 'manner', 'bottom', 'seoindex', 'linkedin', 'improving', 'repetitive', 'proper', 'employer', '.card', 'modal', 'using', 'facebook', 'lifting', 'duties', 'distribution', 'benefits', 'action', 'context', 'jobs', 'outstanding', 'visit', 'required', 'display', 'lbs', 'recteam', 'connectivity', 'department', 'thinking', 'orders', 'identifying', 'current', 'electronic', 'timely', 'echo', 'magazine', 'meeting', 'home', 'alert', 'communicates', 'integrity', 'phone', 'responsibility', 'identified', 'higher', 'keyboard', 'verifies', '.main', 'hidden', 'emergency', 'favicon', 'noscript', 'footer', 'bending', 'talents', 'pulling', 'unique', 'celebrate', 'connected', '.sticky', 'occasionally', 'commitments', 'p', 'honesty', 'clerical', 'adequate', 'perform', 'back', 'color', 'width', 'none', 'sections', 'improve', 'distinguish', 'conduct', 'hearing', 'demands', 'contributions', 'policy', 'expectations', 'excellence', 'carrying', 'expand', 'receiving', 'horsley', 'news', 'map', 'delivery', 'member', 'www.googletagmanager.com', 'supplies', 'm', 'spirit', 'telephone', 'stores', 'licensure', 'height', 'high', 'ky', 'healthcare', 'section', '.saved', 'level', 'reliability', 'recruiter', 'filing', 'qualifications', 'item', 'data', 'stressful', 'promote', 'summary', 'skills', 'needs', 'related', 'stooping', 'requires', 'responsibilities', 'list', 'crawling', 'stay', 'fte', 'info', 'eligibility', 'build', '.row', 'team', 'overcome', 'aseptic', 'registration', 'v', 'climbing', 'website', 'reaching', 'reports', 'accessioning', 'may', 'providers', 'end', 'health', '.pre', 'maintains', 'f', 'paramedic', 'header', 'collection', 'equal', 'surpass', 'goals', 'original', 'customers', 'personalised', 'toll', 'beyond', 'ged', 'equipment', 'hand', 'ns.html', 'able', 'service', 'accept', 'consistently', 'respect', 'meta', 'phones', 'therapy', 'h', 'opportunities', 'area', 'cardiac', 'age', 'computer', 'arm', 'obstacles']"
25,Clinical Lab Assistant,MetaSense Marketing,"Greensboro, NC",098b0f1b5d5ecbb8,http://www.indeed.com/rc/clk?jk=098b0f1b5d5ecbb8,[],"['supportive', 'highly', 'sections', 'results', 'record', 'information', 'nc', 'terminology', 'answering', 'systems', 'according', 'detail', 'paging', 'policy', 'ago', 'demonstrate', 'shift', 'appropriate', 'testing', 'cookies', 'require', 'career', 'states', 'supervision', 'country', 'follow', 'supervisor', 'pneumatic', 'schedule', 'create', 'knowledge', 'employers', 'assistant', 'supplies', 'direct', 'mission', 'companies', 'identifiers', 'protocols', 'applications', 'save', 'two', 'directly', 'functions', 'day', 'disease', 'infectious', 'hospital', 'procedure', 'advanced', 'hiring', 'core', 'application', 'indeed', 'events', 'operation', 'sell', '3', 'lab', 'employer', 'absence', 'time', 'marketing', 'updates', 'salaries', 'understand', 'greensboro', 'skip', 'get', 'post', 'using', 'must', 'stocking', 'company', 'identify', 'use', 'personal', 'united', 'types', 'content', 'duties', 'distribution', 'accessibility', 'desired', 'receipt', 'summary', 'skills', 'jobs', 'judgments', 'candidates', 'required', 'read', 'instructions', 'maintain', 'interest', 'registered', 'unsure', 'request', 'change', 'practices', 'alternative', 'browse', 'learn', 'terms', 'might', 'department', 'procedures', 'make', 'specimens', 'certifications', 'info', 'laboratory', 'advice', 'dispose', 'accession', 'countries', 'technologist', 'report', 'technical', 'job', 'methods', 'work', 'clinical', 'thousands', 'find', 'apply', 'home', 'ability', 'responsible', 'now', 'phone', 'values', 'center', 'sign', 'may', 'unpacking', 'search', 's', 'affect', 'willingness', 'patient', 'phlebotomist', 'reviews', 'essential', 'help', 'full', 'contract', 'utilize', 'prevention', 'give', 'consult', 'process', 'per', 'main', 'let', 'pay', 'upload', 'directed', 'adversely', 'certification', 'needed', 'medical', 'moderate', 'screening', 'resume', 'received', 'metasense', 'computer', 'policies', 'approach', 'hour', 'chs', 'problems', 'perform', 'tube', 'privacy']"
26,Lab Assistant - $15 Minimum Start,OneBlood,"Tallahassee, FL 32308",1dfc0f16a184ce1d,http://www.indeed.com/rc/clk?jk=1dfc0f16a184ce1d,[],"['spin', 'community', 'address', 'social', 'shim', 'promotions', 'login', 'creek', 'topnavloginform', 'target', 'tophoverlogin', 'directors', 'king', 'password.stml', 'blog', 'endif', 'navigation', 'policy', 'actual', 'contact', 'rights', 'currently', 'featured', 'javascript', 'menu', 'btn', 'news', 'donating', 'therapeutic', 'source', 'digitalus', 'new', 'resources', 'container', 'lauderdale', 'selectize', 'span', 'mission', 'forwardtotopnav', 'portal', 'li', 'employee', 'lt', 'stream', '33', 'name', 'register', 'html', 'ul', 'story', 'financials', 'class', 'financial', 'join', 'md', 'us', 'type', 'id', 'donations', 'w', 'sm', 'luther', '3', 'drive', 'icims', 'value', 'useautoscrolling', 'submit', 'donor', 'form', 'images', 'lte', 'n', 'post', 'st', 'boards', 'martin', 'road', 'registration.stml', 'careers', 'marrow', 'iframe', 'riggins', 'med', 'top', 'petersburg', 'content', 'benefits', 'governance', 'graphic', 'button', 'fort', 'js', 'appointment', 'centurion', 'tallahassee', 'required', 'refresh', 'fa', 'bone', 'releases', 'right', 'blood', 'true', 'placeholder', 'display', 'inquiries', 'password', 'commodity', 'ie', 'can', 'apheresis', 'set', 'default', 'make', 'volunteers', 'script', 'special', 'media', 'florida', 'donate', 'spinner', 'src', 'access', 'regional', 'input', 'frames', 'forgot', 'team', 'shiv', 'report', 'sr', 'topnavloginformsubmit', 'methods', 'testimonials', 'never', 'min.js', 'index.stml', 'href', 'leadership', 'standards', 'javascripts', 'mobile', 'gallery', 'now', 'web', 'documenttrack', 'page', 'values', 'campuses', 'center', 'reserved', 'cypress', 'cms', 'circle', 'left', 'reference', 'respond', 'already', 'video', 'solodev', 'want', 'orlando', 'es', 'autologous', 'pkwy', 'username', 'end', 'hidden', 'design', 'conversation', 'row', 'footer', 'logos', 'board', 'story.stml', 'header', 'affiliations', 'rewards', 'dr', 'homepage', 'support', 'div', 'inline', 'group', 'bill', 'oneblood', 'tech', 'onclick', 'basics', 'begin', 'serve', 'email', 'text', 'tophoverloginpassword', 'click', 'donated', 'fl', 'hospitals', '.donate', 'main', 'service', 'ft', 'directed', 'donation', 'dropdown', 'host', 'jacksonville', 'vision', '333', 'col', 'governing', 'browser', 'area', 'press', 'method', 'jr', 'viewed', 'site', 'label', 'documents', 'back', 'share', 'configured', 'privacy']"
